1557812044.609:1668399680,8F32C22A-9757-C5C1-5AD3-C85AEA487298:resolvconf,MMAP,391009BF-036B-1049-F41A-B66153079BCD,/etc/passwd,ta1-trace-2
1557812044.609:1668399616,340F5112-4C52-9570-C859-AAED78F898D3:dhclient-script,EXECUTE,8F32C22A-9757-C5C1-5AD3-C85AEA487298,resolvconf,ta1-trace-2
1557812044.609:1668399606,6ECFF657-5C0F-7556-9EE0-E08E556EB498:dhclient-script,FORK,340F5112-4C52-9570-C859-AAED78F898D3,dhclient-script,ta1-trace-2
1557812044.597:1668399410,6ECFF657-5C0F-7556-9EE0-E08E556EB498:dhclient-script,MMAP,391009BF-036B-1049-F41A-B66153079BCD,/etc/passwd,ta1-trace-2
1557812044.593:1668399329,623361C5-C90C-9A27-94F4-AC540B7CB9D0:dhclient-script,EXECUTE,6ECFF657-5C0F-7556-9EE0-E08E556EB498,dhclient-script,ta1-trace-2
1557811990.024:1668275768,D33726E0-F70A-0DF5-E24C-38C5FF39D4FD:pkexec,MMAP,391009BF-036B-1049-F41A-B66153079BCD,/etc/passwd,ta1-trace-2
1557811990.024:1668275765,D33726E0-F70A-0DF5-E24C-38C5FF39D4FD:pkexec,MMAP,391009BF-036B-1049-F41A-B66153079BCD,/etc/passwd,ta1-trace-2
1557811990.020:1668275534,A9F4C41E-0EFC-05A1-E961-CE0543211989:update-notifier,EXECUTE,D33726E0-F70A-0DF5-E24C-38C5FF39D4FD,pkexec,ta1-trace-2
1557811990.020:1668275534,4D6C6131-6051-0683-57BE-F420E505EAF4:update-notifier,CHANGE_PRINCIPAL,A9F4C41E-0EFC-05A1-E961-CE0543211989,update-notifier,ta1-trace-2
1557811990.020:1668275513,4E5F6E53-7D73-250D-C0BE-80EF4E4283C1:update-notifier,FORK,4D6C6131-6051-0683-57BE-F420E505EAF4,update-notifier,ta1-trace-2
1557811898.639:1668064003,72D45D48-B0DB-4DF0-12DE-9D8E09261C53:sshd,MMAP,391009BF-036B-1049-F41A-B66153079BCD,/etc/passwd,ta1-trace-2
1557811898.639:1668063965,72D45D48-B0DB-4DF0-12DE-9D8E09261C53:sshd,MMAP,391009BF-036B-1049-F41A-B66153079BCD,/etc/passwd,ta1-trace-2
1557811898.635:1668063811,D94FE8C5-A011-DE43-A46A-B407512AA2CC:sshd,CHANGE_PRINCIPAL,72D45D48-B0DB-4DF0-12DE-9D8E09261C53,sshd,ta1-trace-2
1557811898.635:1668063810,D94FE8C5-A011-DE43-A46A-B407512AA2CC:sshd,CHANGE_PRINCIPAL,D94FE8C5-A011-DE43-A46A-B407512AA2CC,sshd,ta1-trace-2
1557811898.635:1668063809,72D45D48-B0DB-4DF0-12DE-9D8E09261C53:sshd,CHANGE_PRINCIPAL,D94FE8C5-A011-DE43-A46A-B407512AA2CC,sshd,ta1-trace-2
1557811898.527:1668062745,04D8F983-926F-65EB-4C68-432F81791DAE:chsh,READ,BB22BF8E-A842-CD2B-30BE-F0B5F2EE46B2,/etc/passwd,ta1-trace-2
1557811898.527:1668062743,04D8F983-926F-65EB-4C68-432F81791DAE:chsh,READ,BB22BF8E-A842-CD2B-30BE-F0B5F2EE46B2,/etc/passwd,ta1-trace-2
1557811898.527:1668062741,04D8F983-926F-65EB-4C68-432F81791DAE:chsh,READ,BB22BF8E-A842-CD2B-30BE-F0B5F2EE46B2,/etc/passwd,ta1-trace-2
1557811898.527:1668062740,04D8F983-926F-65EB-4C68-432F81791DAE:chsh,READ,BB22BF8E-A842-CD2B-30BE-F0B5F2EE46B2,/etc/passwd,ta1-trace-2
1557811898.527:1668062724,7D5BDC05-75DD-B924-707C-0A32EEFAFE09:chsh,CHANGE_PRINCIPAL,04D8F983-926F-65EB-4C68-432F81791DAE,chsh,ta1-trace-2
1557811898.527:1668062710,7D5BDC05-75DD-B924-707C-0A32EEFAFE09:chsh,MMAP,07E87BAE-732D-D58F-383B-111629036544,/etc/shadow,ta1-trace-2
1557811898.527:1668062707,7D5BDC05-75DD-B924-707C-0A32EEFAFE09:chsh,MMAP,BB22BF8E-A842-CD2B-30BE-F0B5F2EE46B2,/etc/passwd,ta1-trace-2
1557811898.511:1668062666,7D5BDC05-75DD-B924-707C-0A32EEFAFE09:chsh,MMAP,07E87BAE-732D-D58F-383B-111629036544,/etc/shadow,ta1-trace-2
1557811898.511:1668062663,7D5BDC05-75DD-B924-707C-0A32EEFAFE09:chsh,MMAP,BB22BF8E-A842-CD2B-30BE-F0B5F2EE46B2,/etc/passwd,ta1-trace-2
1557811898.411:1668062460,7D5BDC05-75DD-B924-707C-0A32EEFAFE09:chsh,MMAP,BB22BF8E-A842-CD2B-30BE-F0B5F2EE46B2,/etc/passwd,ta1-trace-2
1557811898.407:1668062281,7D5BDC05-75DD-B924-707C-0A32EEFAFE09:chsh,MMAP,BB22BF8E-A842-CD2B-30BE-F0B5F2EE46B2,/etc/passwd,ta1-trace-2
1557811898.407:1668062273,7D5BDC05-75DD-B924-707C-0A32EEFAFE09:chsh,MMAP,BB22BF8E-A842-CD2B-30BE-F0B5F2EE46B2,/etc/passwd,ta1-trace-2
1557811898.407:1668062156,90DD1BE0-2A8F-61F5-401E-9F5B7BE1A26B:bash,EXECUTE,7D5BDC05-75DD-B924-707C-0A32EEFAFE09,chsh -s /bin/bash admin,ta1-trace-2
1557811898.407:1668062156,D32C1B72-168D-AD38-C8D8-D1FCF84F7160:bash,CHANGE_PRINCIPAL,90DD1BE0-2A8F-61F5-401E-9F5B7BE1A26B,bash,ta1-trace-2
1557811898.407:1668062150,6CF6DE1C-C0C9-B24B-3256-32E28CC1B4F6:bash,FORK,D32C1B72-168D-AD38-C8D8-D1FCF84F7160,bash,ta1-trace-2
1557811898.219:1668059018,6CF6DE1C-C0C9-B24B-3256-32E28CC1B4F6:bash,MMAP,BB22BF8E-A842-CD2B-30BE-F0B5F2EE46B2,/etc/passwd,ta1-trace-2
1557811898.215:1668058933,9594955C-29FE-37EC-9E11-1322D6E9B69C:sshd,EXECUTE,6CF6DE1C-C0C9-B24B-3256-32E28CC1B4F6,bash,ta1-trace-2
1557811898.215:1668058798,99D544FC-261E-E7C2-2354-81679393FC33:sshd,FORK,9594955C-29FE-37EC-9E11-1322D6E9B69C,sshd,ta1-trace-2
1557811898.215:1668058752,72D45D48-B0DB-4DF0-12DE-9D8E09261C53:sshd,MMAP,BB22BF8E-A842-CD2B-30BE-F0B5F2EE46B2,/etc/passwd,ta1-trace-2
1557811898.215:1668058746,72D45D48-B0DB-4DF0-12DE-9D8E09261C53:sshd,MMAP,BB22BF8E-A842-CD2B-30BE-F0B5F2EE46B2,/etc/passwd,ta1-trace-2
1557811898.215:1668058722,1FC7DF30-A019-73A6-0B89-37ADE1F7DC27:sshd,CHANGE_PRINCIPAL,99D544FC-261E-E7C2-2354-81679393FC33,sshd,ta1-trace-2
1557811898.215:1668058700,01A462D9-86AD-A539-BFC7-4B26C7F79B79:sshd,CHANGE_PRINCIPAL,1FC7DF30-A019-73A6-0B89-37ADE1F7DC27,sshd,ta1-trace-2
1557811898.215:1668058697,72D45D48-B0DB-4DF0-12DE-9D8E09261C53:sshd,FORK,01A462D9-86AD-A539-BFC7-4B26C7F79B79,sshd,ta1-trace-2
1557811898.215:1668058688,72D45D48-B0DB-4DF0-12DE-9D8E09261C53:sshd,MMAP,BB22BF8E-A842-CD2B-30BE-F0B5F2EE46B2,/etc/passwd,ta1-trace-2
1557811898.215:1668058652,72D45D48-B0DB-4DF0-12DE-9D8E09261C53:sshd,MMAP,BB22BF8E-A842-CD2B-30BE-F0B5F2EE46B2,/etc/passwd,ta1-trace-2
1557811898.215:1668058649,72D45D48-B0DB-4DF0-12DE-9D8E09261C53:sshd,MMAP,BB22BF8E-A842-CD2B-30BE-F0B5F2EE46B2,/etc/passwd,ta1-trace-2
1557811898.211:1668058646,72D45D48-B0DB-4DF0-12DE-9D8E09261C53:sshd,MMAP,BB22BF8E-A842-CD2B-30BE-F0B5F2EE46B2,/etc/passwd,ta1-trace-2
1557811898.167:1668056494,1BEF9AF0-00AB-98BF-C9DF-850A5E4935B3:lsb_release,MMAP,BB22BF8E-A842-CD2B-30BE-F0B5F2EE46B2,/etc/passwd,ta1-trace-2
1557811898.155:1668056226,DBC466DC-A8E2-4B07-DBB6-7901842F16C5:91-release-upgr,EXECUTE,1BEF9AF0-00AB-98BF-C9DF-850A5E4935B3,lsb_release,ta1-trace-2
1557811898.155:1668056217,CC4EC671-9EAE-0D58-A469-1B301C7C09F8:91-release-upgr,FORK,DBC466DC-A8E2-4B07-DBB6-7901842F16C5,91-release-upgr,ta1-trace-2
1557811898.155:1668056210,231922A4-F9ED-AD7E-8C8E-BE59B936A23A:91-release-upgr,FORK,CC4EC671-9EAE-0D58-A469-1B301C7C09F8,91-release-upgr,ta1-trace-2
1557811898.151:1668056188,0D398BB2-0159-B8AC-B9F7-9C43AEAC8933:run-parts,EXECUTE,231922A4-F9ED-AD7E-8C8E-BE59B936A23A,91-release-upgr,ta1-trace-2
1557811898.151:1668056187,DD4826AC-3EF0-1D30-1562-CD17C33B0AF0:run-parts,FORK,0D398BB2-0159-B8AC-B9F7-9C43AEAC8933,run-parts,ta1-trace-2
1557811897.991:1668047916,63BB2A1B-F0E1-4E33-9379-79467843A011:landscape-sysin,MMAP,BB22BF8E-A842-CD2B-30BE-F0B5F2EE46B2,/etc/passwd,ta1-trace-2
1557811897.983:1668047484,75EE5B7A-012B-1AAB-ADA0-5B0D557EA391:50-landscape-sy,EXECUTE,63BB2A1B-F0E1-4E33-9379-79467843A011,landscape-sysin,ta1-trace-2
1557811897.983:1668047482,332C2D75-EF4A-08F9-F34E-0AA3AB8761D1:50-landscape-sy,FORK,75EE5B7A-012B-1AAB-ADA0-5B0D557EA391,50-landscape-sy,ta1-trace-2
1557811897.979:1668047227,2BA7039E-FEA7-C73A-8F90-AEAF8AA1F344:run-parts,EXECUTE,332C2D75-EF4A-08F9-F34E-0AA3AB8761D1,50-landscape-sy,ta1-trace-2
1557811897.979:1668047224,DD4826AC-3EF0-1D30-1562-CD17C33B0AF0:run-parts,FORK,2BA7039E-FEA7-C73A-8F90-AEAF8AA1F344,run-parts,ta1-trace-2
1557811897.971:1668046821,8CF0D17D-B3CD-CB64-55A3-27A7C9DFCA67:env,EXECUTE,DD4826AC-3EF0-1D30-1562-CD17C33B0AF0,run-parts,ta1-trace-2
1557811897.971:1668046793,0C5AC149-B2FC-F4D8-81C0-DA943589664F:sh,EXECUTE,8CF0D17D-B3CD-CB64-55A3-27A7C9DFCA67,env,ta1-trace-2
1557811897.971:1668046786,33D455F2-8416-D9E0-F431-ECFC8C2300A8:sh,FORK,0C5AC149-B2FC-F4D8-81C0-DA943589664F,sh,ta1-trace-2
1557811897.971:1668046753,0EFEEF89-A34E-C0C3-0DF9-E239E9831EBB:sshd,EXECUTE,33D455F2-8416-D9E0-F431-ECFC8C2300A8,sh,ta1-trace-2
1557811897.971:1668046738,72D45D48-B0DB-4DF0-12DE-9D8E09261C53:sshd,FORK,0EFEEF89-A34E-C0C3-0DF9-E239E9831EBB,sshd,ta1-trace-2
1557811897.971:1668046726,72D45D48-B0DB-4DF0-12DE-9D8E09261C53:sshd,MMAP,BB22BF8E-A842-CD2B-30BE-F0B5F2EE46B2,/etc/passwd,ta1-trace-2
1557811897.951:1668046528,72D45D48-B0DB-4DF0-12DE-9D8E09261C53:sshd,MMAP,BB22BF8E-A842-CD2B-30BE-F0B5F2EE46B2,/etc/passwd,ta1-trace-2
1557811897.951:1668046476,72D45D48-B0DB-4DF0-12DE-9D8E09261C53:sshd,MMAP,BB22BF8E-A842-CD2B-30BE-F0B5F2EE46B2,/etc/passwd,ta1-trace-2
1557811897.951:1668046464,94559793-CC19-AC56-86AC-DBE50ABB296C:sshd,CHANGE_PRINCIPAL,72D45D48-B0DB-4DF0-12DE-9D8E09261C53,sshd,ta1-trace-2
1557811897.951:1668046463,4EBDBA8D-FDBA-9D44-1516-8F82EC2E31AD:sshd,CHANGE_PRINCIPAL,94559793-CC19-AC56-86AC-DBE50ABB296C,sshd,ta1-trace-2
1557811897.951:1668046462,94559793-CC19-AC56-86AC-DBE50ABB296C:sshd,CHANGE_PRINCIPAL,4EBDBA8D-FDBA-9D44-1516-8F82EC2E31AD,sshd,ta1-trace-2
1557811897.951:1668046461,72D45D48-B0DB-4DF0-12DE-9D8E09261C53:sshd,CHANGE_PRINCIPAL,94559793-CC19-AC56-86AC-DBE50ABB296C,sshd,ta1-trace-2
1557811897.951:1668046459,72D45D48-B0DB-4DF0-12DE-9D8E09261C53:sshd,MMAP,BB22BF8E-A842-CD2B-30BE-F0B5F2EE46B2,/etc/passwd,ta1-trace-2
1557811897.951:1668046445,72D45D48-B0DB-4DF0-12DE-9D8E09261C53:sshd,MMAP,BB22BF8E-A842-CD2B-30BE-F0B5F2EE46B2,/etc/passwd,ta1-trace-2
1557811897.951:1668046405,72D45D48-B0DB-4DF0-12DE-9D8E09261C53:sshd,MMAP,07E87BAE-732D-D58F-383B-111629036544,/etc/shadow,ta1-trace-2
1557811897.951:1668046402,72D45D48-B0DB-4DF0-12DE-9D8E09261C53:sshd,MMAP,BB22BF8E-A842-CD2B-30BE-F0B5F2EE46B2,/etc/passwd,ta1-trace-2
1557811897.939:1668046349,72D45D48-B0DB-4DF0-12DE-9D8E09261C53:sshd,MMAP,07E87BAE-732D-D58F-383B-111629036544,/etc/shadow,ta1-trace-2
1557811897.939:1668046346,72D45D48-B0DB-4DF0-12DE-9D8E09261C53:sshd,MMAP,BB22BF8E-A842-CD2B-30BE-F0B5F2EE46B2,/etc/passwd,ta1-trace-2
1557811897.835:1668045899,72D45D48-B0DB-4DF0-12DE-9D8E09261C53:sshd,MMAP,BB22BF8E-A842-CD2B-30BE-F0B5F2EE46B2,/etc/passwd,ta1-trace-2
1557811897.835:1668045867,72D45D48-B0DB-4DF0-12DE-9D8E09261C53:sshd,READ,573E5010-1713-BD2C-2998-A48580BDA4D4,/etc/hosts,ta1-trace-2
1557811897.835:1668045866,72D45D48-B0DB-4DF0-12DE-9D8E09261C53:sshd,READ,573E5010-1713-BD2C-2998-A48580BDA4D4,/etc/hosts,ta1-trace-2
1557811897.775:1668045539,72D45D48-B0DB-4DF0-12DE-9D8E09261C53:sshd,MMAP,BB22BF8E-A842-CD2B-30BE-F0B5F2EE46B2,/etc/passwd,ta1-trace-2
1557811897.767:1668045279,17614C0D-90AA-1CF3-106D-38D71CA95FAA:sshd,EXECUTE,72D45D48-B0DB-4DF0-12DE-9D8E09261C53,sshd,ta1-trace-2
1557811897.767:1668045252,DEF8FC47-7A9A-FBED-6B2A-08B2189BECCD:sshd,FORK,17614C0D-90AA-1CF3-106D-38D71CA95FAA,sshd,ta1-trace-2
1557811851.099:1667940391,D4153989-3D97-BC8C-180D-70E311E5BDF3:xscreensaver,MMAP,BB22BF8E-A842-CD2B-30BE-F0B5F2EE46B2,/etc/passwd,ta1-trace-2
1557811851.099:1667940362,D4153989-3D97-BC8C-180D-70E311E5BDF3:xscreensaver,MMAP,BB22BF8E-A842-CD2B-30BE-F0B5F2EE46B2,/etc/passwd,ta1-trace-2
1557811851.099:1667940333,D4153989-3D97-BC8C-180D-70E311E5BDF3:xscreensaver,MMAP,BB22BF8E-A842-CD2B-30BE-F0B5F2EE46B2,/etc/passwd,ta1-trace-2
1557811728.633:1667664703,FD6C215B-93F4-687F-C04C-B22D964BC6E3:sshd,MMAP,BB22BF8E-A842-CD2B-30BE-F0B5F2EE46B2,/etc/passwd,ta1-trace-2
1557811728.633:1667664668,FD6C215B-93F4-687F-C04C-B22D964BC6E3:sshd,MMAP,BB22BF8E-A842-CD2B-30BE-F0B5F2EE46B2,/etc/passwd,ta1-trace-2
1557811728.633:1667664596,8202B173-9700-25E7-B9AD-C59FB224D032:sshd,CHANGE_PRINCIPAL,FD6C215B-93F4-687F-C04C-B22D964BC6E3,sshd,ta1-trace-2
1557811728.633:1667664595,8202B173-9700-25E7-B9AD-C59FB224D032:sshd,CHANGE_PRINCIPAL,8202B173-9700-25E7-B9AD-C59FB224D032,sshd,ta1-trace-2
1557811728.633:1667664594,FD6C215B-93F4-687F-C04C-B22D964BC6E3:sshd,CHANGE_PRINCIPAL,8202B173-9700-25E7-B9AD-C59FB224D032,sshd,ta1-trace-2
1557811728.425:1667663903,1976AE26-A77F-5095-E9B9-22E6DAE6CBDF:ls,MMAP,BB22BF8E-A842-CD2B-30BE-F0B5F2EE46B2,/etc/passwd,ta1-trace-2
1557811728.425:1667663790,E92AE3EA-C960-CA53-6D54-EBA1CD92A82F:bash,EXECUTE,1976AE26-A77F-5095-E9B9-22E6DAE6CBDF,ls --color=auto -la eraseme,ta1-trace-2
1557811728.425:1667663780,5E0F97B0-DE82-68AC-FEAC-EDF952046114:bash,FORK,E92AE3EA-C960-CA53-6D54-EBA1CD92A82F,bash,ta1-trace-2
1557811728.037:1667659912,5E0F97B0-DE82-68AC-FEAC-EDF952046114:bash,MMAP,BB22BF8E-A842-CD2B-30BE-F0B5F2EE46B2,/etc/passwd,ta1-trace-2
1557811728.037:1667659829,B548779F-6BBF-C6C4-0B20-EE09CAD70FD4:sshd,EXECUTE,5E0F97B0-DE82-68AC-FEAC-EDF952046114,bash,ta1-trace-2
1557811728.033:1667659716,02EA793F-5384-86C5-EC37-2218E6951887:sshd,FORK,B548779F-6BBF-C6C4-0B20-EE09CAD70FD4,sshd,ta1-trace-2
1557811728.033:1667659668,FD6C215B-93F4-687F-C04C-B22D964BC6E3:sshd,MMAP,BB22BF8E-A842-CD2B-30BE-F0B5F2EE46B2,/etc/passwd,ta1-trace-2
1557811728.033:1667659662,FD6C215B-93F4-687F-C04C-B22D964BC6E3:sshd,MMAP,BB22BF8E-A842-CD2B-30BE-F0B5F2EE46B2,/etc/passwd,ta1-trace-2
1557811728.033:1667659628,273E1902-BEBE-D8E3-7663-5AE48FED9E25:sshd,CHANGE_PRINCIPAL,02EA793F-5384-86C5-EC37-2218E6951887,sshd,ta1-trace-2
1557811728.033:1667659599,85B9A550-64B6-24FF-1B7B-21E951B22146:sshd,CHANGE_PRINCIPAL,273E1902-BEBE-D8E3-7663-5AE48FED9E25,sshd,ta1-trace-2
1557811728.033:1667659595,FD6C215B-93F4-687F-C04C-B22D964BC6E3:sshd,FORK,85B9A550-64B6-24FF-1B7B-21E951B22146,sshd,ta1-trace-2
1557811728.033:1667659586,FD6C215B-93F4-687F-C04C-B22D964BC6E3:sshd,MMAP,BB22BF8E-A842-CD2B-30BE-F0B5F2EE46B2,/etc/passwd,ta1-trace-2
1557811728.033:1667659550,FD6C215B-93F4-687F-C04C-B22D964BC6E3:sshd,MMAP,BB22BF8E-A842-CD2B-30BE-F0B5F2EE46B2,/etc/passwd,ta1-trace-2
1557811728.033:1667659547,FD6C215B-93F4-687F-C04C-B22D964BC6E3:sshd,MMAP,BB22BF8E-A842-CD2B-30BE-F0B5F2EE46B2,/etc/passwd,ta1-trace-2
1557811728.033:1667659544,FD6C215B-93F4-687F-C04C-B22D964BC6E3:sshd,MMAP,BB22BF8E-A842-CD2B-30BE-F0B5F2EE46B2,/etc/passwd,ta1-trace-2
1557811727.985:1667657388,FEC37423-FDBF-B75C-1CFB-3B1AF691BE60:lsb_release,MMAP,BB22BF8E-A842-CD2B-30BE-F0B5F2EE46B2,/etc/passwd,ta1-trace-2
1557811727.973:1667657118,C3D36FDB-4395-ED8E-4D47-E6588D627DA0:91-release-upgr,EXECUTE,FEC37423-FDBF-B75C-1CFB-3B1AF691BE60,lsb_release,ta1-trace-2
1557811727.973:1667657111,87C93597-85B1-3584-5498-D45956411F4A:91-release-upgr,FORK,C3D36FDB-4395-ED8E-4D47-E6588D627DA0,91-release-upgr,ta1-trace-2
1557811727.973:1667657104,9A4DA070-DFF0-39C1-982E-0BDD58121CD5:91-release-upgr,FORK,87C93597-85B1-3584-5498-D45956411F4A,91-release-upgr,ta1-trace-2
1557811727.969:1667657082,DA8E94DD-F329-4FA4-7E20-6EC7D4BB7F0B:run-parts,EXECUTE,9A4DA070-DFF0-39C1-982E-0BDD58121CD5,91-release-upgr,ta1-trace-2
1557811727.969:1667657081,24DE8478-258B-A9C6-E23E-AA74766448AD:run-parts,FORK,DA8E94DD-F329-4FA4-7E20-6EC7D4BB7F0B,run-parts,ta1-trace-2
1557811726.817:1667647938,368173CE-36A4-C944-1026-F6E116F35E89:landscape-sysin,MMAP,BB22BF8E-A842-CD2B-30BE-F0B5F2EE46B2,/etc/passwd,ta1-trace-2
1557811726.813:1667647507,B4B68404-45D4-92D4-D0A0-D651B7E6E64E:50-landscape-sy,EXECUTE,368173CE-36A4-C944-1026-F6E116F35E89,landscape-sysin,ta1-trace-2
1557811726.813:1667647505,0741A628-102C-5623-A982-204ECD73D54E:50-landscape-sy,FORK,B4B68404-45D4-92D4-D0A0-D651B7E6E64E,50-landscape-sy,ta1-trace-2
1557811726.809:1667647273,45D908F4-5C42-EA9A-C213-69C34D82B5F5:run-parts,EXECUTE,0741A628-102C-5623-A982-204ECD73D54E,50-landscape-sy,ta1-trace-2
1557811726.809:1667647272,24DE8478-258B-A9C6-E23E-AA74766448AD:run-parts,FORK,45D908F4-5C42-EA9A-C213-69C34D82B5F5,run-parts,ta1-trace-2
1557811726.801:1667646921,49F0A80D-4AED-8D55-1896-3506ACDC4BF8:env,EXECUTE,24DE8478-258B-A9C6-E23E-AA74766448AD,run-parts,ta1-trace-2
1557811726.801:1667646896,CA406DC5-6738-2740-A934-9A2E2A69A0AD:sh,EXECUTE,49F0A80D-4AED-8D55-1896-3506ACDC4BF8,env,ta1-trace-2
1557811726.801:1667646884,FB71229E-18BC-BED6-48BE-40295F7E6ED7:sh,FORK,CA406DC5-6738-2740-A934-9A2E2A69A0AD,sh,ta1-trace-2
1557811726.801:1667646855,B790E06C-AD5A-85B1-D710-9928B41C93A9:sshd,EXECUTE,FB71229E-18BC-BED6-48BE-40295F7E6ED7,sh,ta1-trace-2
1557811726.797:1667646740,FD6C215B-93F4-687F-C04C-B22D964BC6E3:sshd,FORK,B790E06C-AD5A-85B1-D710-9928B41C93A9,sshd,ta1-trace-2
1557811726.797:1667646718,FD6C215B-93F4-687F-C04C-B22D964BC6E3:sshd,MMAP,BB22BF8E-A842-CD2B-30BE-F0B5F2EE46B2,/etc/passwd,ta1-trace-2
1557811726.769:1667646352,FD6C215B-93F4-687F-C04C-B22D964BC6E3:sshd,MMAP,BB22BF8E-A842-CD2B-30BE-F0B5F2EE46B2,/etc/passwd,ta1-trace-2
1557811726.769:1667646300,FD6C215B-93F4-687F-C04C-B22D964BC6E3:sshd,MMAP,BB22BF8E-A842-CD2B-30BE-F0B5F2EE46B2,/etc/passwd,ta1-trace-2
1557811726.769:1667646288,850C1267-D6FC-6663-A737-DAE1422298A4:sshd,CHANGE_PRINCIPAL,FD6C215B-93F4-687F-C04C-B22D964BC6E3,sshd,ta1-trace-2
1557811726.769:1667646287,94D13010-9A63-731D-42BD-24773FB15058:sshd,CHANGE_PRINCIPAL,850C1267-D6FC-6663-A737-DAE1422298A4,sshd,ta1-trace-2
1557811726.769:1667646286,850C1267-D6FC-6663-A737-DAE1422298A4:sshd,CHANGE_PRINCIPAL,94D13010-9A63-731D-42BD-24773FB15058,sshd,ta1-trace-2
1557811726.769:1667646285,FD6C215B-93F4-687F-C04C-B22D964BC6E3:sshd,CHANGE_PRINCIPAL,850C1267-D6FC-6663-A737-DAE1422298A4,sshd,ta1-trace-2
1557811726.769:1667646283,FD6C215B-93F4-687F-C04C-B22D964BC6E3:sshd,MMAP,BB22BF8E-A842-CD2B-30BE-F0B5F2EE46B2,/etc/passwd,ta1-trace-2
1557811726.769:1667646269,FD6C215B-93F4-687F-C04C-B22D964BC6E3:sshd,MMAP,BB22BF8E-A842-CD2B-30BE-F0B5F2EE46B2,/etc/passwd,ta1-trace-2
1557811726.765:1667646229,FD6C215B-93F4-687F-C04C-B22D964BC6E3:sshd,MMAP,07E87BAE-732D-D58F-383B-111629036544,/etc/shadow,ta1-trace-2
1557811726.765:1667646226,FD6C215B-93F4-687F-C04C-B22D964BC6E3:sshd,MMAP,BB22BF8E-A842-CD2B-30BE-F0B5F2EE46B2,/etc/passwd,ta1-trace-2
1557811726.753:1667646177,FD6C215B-93F4-687F-C04C-B22D964BC6E3:sshd,MMAP,07E87BAE-732D-D58F-383B-111629036544,/etc/shadow,ta1-trace-2
1557811726.753:1667646174,FD6C215B-93F4-687F-C04C-B22D964BC6E3:sshd,MMAP,BB22BF8E-A842-CD2B-30BE-F0B5F2EE46B2,/etc/passwd,ta1-trace-2
1557811726.653:1667645750,FD6C215B-93F4-687F-C04C-B22D964BC6E3:sshd,MMAP,BB22BF8E-A842-CD2B-30BE-F0B5F2EE46B2,/etc/passwd,ta1-trace-2
1557811726.653:1667645694,FD6C215B-93F4-687F-C04C-B22D964BC6E3:sshd,READ,573E5010-1713-BD2C-2998-A48580BDA4D4,/etc/hosts,ta1-trace-2
1557811726.653:1667645693,FD6C215B-93F4-687F-C04C-B22D964BC6E3:sshd,READ,573E5010-1713-BD2C-2998-A48580BDA4D4,/etc/hosts,ta1-trace-2
1557811726.593:1667645364,FD6C215B-93F4-687F-C04C-B22D964BC6E3:sshd,MMAP,BB22BF8E-A842-CD2B-30BE-F0B5F2EE46B2,/etc/passwd,ta1-trace-2
1557811726.585:1667645104,A692F0CB-EE5F-8048-2582-A713D68A5247:sshd,EXECUTE,FD6C215B-93F4-687F-C04C-B22D964BC6E3,sshd,ta1-trace-2
1557811726.585:1667645083,DEF8FC47-7A9A-FBED-6B2A-08B2189BECCD:sshd,FORK,A692F0CB-EE5F-8048-2582-A713D68A5247,sshd,ta1-trace-2
1557811667.033:1667511830,5242A594-1584-AECB-35B0-7D2CAB9541B8:resolvconf,MMAP,BB22BF8E-A842-CD2B-30BE-F0B5F2EE46B2,/etc/passwd,ta1-trace-2
1557811667.029:1667511766,601B3AAB-A7DD-DDCE-1EA1-A3DF64CC9F42:dhclient-script,EXECUTE,5242A594-1584-AECB-35B0-7D2CAB9541B8,resolvconf,ta1-trace-2
1557811667.029:1667511756,F7950F2B-C650-5454-B521-34FA683EDD9C:dhclient-script,FORK,601B3AAB-A7DD-DDCE-1EA1-A3DF64CC9F42,dhclient-script,ta1-trace-2
1557811667.017:1667511563,F7950F2B-C650-5454-B521-34FA683EDD9C:dhclient-script,MMAP,BB22BF8E-A842-CD2B-30BE-F0B5F2EE46B2,/etc/passwd,ta1-trace-2
1557811667.013:1667511482,9F5635CA-7915-B11E-69A0-31073C49521D:dhclient-script,EXECUTE,F7950F2B-C650-5454-B521-34FA683EDD9C,dhclient-script,ta1-trace-2
1557811542.443:1667230434,E12ED563-B1F3-9E8B-C50A-955402807F29:sshd,MMAP,BB22BF8E-A842-CD2B-30BE-F0B5F2EE46B2,/etc/passwd,ta1-trace-2
1557811542.443:1667230391,E12ED563-B1F3-9E8B-C50A-955402807F29:sshd,MMAP,BB22BF8E-A842-CD2B-30BE-F0B5F2EE46B2,/etc/passwd,ta1-trace-2
1557811542.443:1667230245,CB667B22-1F2C-2A12-8240-DF306182E61B:sshd,CHANGE_PRINCIPAL,E12ED563-B1F3-9E8B-C50A-955402807F29,sshd,ta1-trace-2
1557811542.443:1667230244,CB667B22-1F2C-2A12-8240-DF306182E61B:sshd,CHANGE_PRINCIPAL,CB667B22-1F2C-2A12-8240-DF306182E61B,sshd,ta1-trace-2
1557811542.443:1667230243,E12ED563-B1F3-9E8B-C50A-955402807F29:sshd,CHANGE_PRINCIPAL,CB667B22-1F2C-2A12-8240-DF306182E61B,sshd,ta1-trace-2
1557811542.335:1667229910,DD319A50-C870-34ED-3A98-7C50623C5625:write,MMAP,BB22BF8E-A842-CD2B-30BE-F0B5F2EE46B2,/etc/passwd,ta1-trace-2
1557811542.335:1667229907,DD319A50-C870-34ED-3A98-7C50623C5625:write,MMAP,BB22BF8E-A842-CD2B-30BE-F0B5F2EE46B2,/etc/passwd,ta1-trace-2
1557811542.335:1667229774,19576A44-C5F3-C81A-F716-E1C05551642B:bash,EXECUTE,DD319A50-C870-34ED-3A98-7C50623C5625,write admin,ta1-trace-2
1557811542.335:1667229774,C20FD523-07BD-DE08-FE32-7A58A08607F1:bash,CHANGE_PRINCIPAL,19576A44-C5F3-C81A-F716-E1C05551642B,bash,ta1-trace-2
1557811542.335:1667229764,7D86DE52-01E4-64B8-9158-B95C444FCD77:whoami,MMAP,BB22BF8E-A842-CD2B-30BE-F0B5F2EE46B2,/etc/passwd,ta1-trace-2
1557811542.335:1667229702,56EE0B31-AAC8-4C79-433E-7B2141A929B2:bash,EXECUTE,7D86DE52-01E4-64B8-9158-B95C444FCD77,whoami,ta1-trace-2
1557811542.335:1667229696,C20FD523-07BD-DE08-FE32-7A58A08607F1:bash,FORK,56EE0B31-AAC8-4C79-433E-7B2141A929B2,bash,ta1-trace-2
1557811542.335:1667229678,AC0129FE-E99A-684E-030E-43C1CDEF814B:bash,FORK,C20FD523-07BD-DE08-FE32-7A58A08607F1,bash,ta1-trace-2
1557811542.139:1667226299,AC0129FE-E99A-684E-030E-43C1CDEF814B:bash,MMAP,BB22BF8E-A842-CD2B-30BE-F0B5F2EE46B2,/etc/passwd,ta1-trace-2
1557811542.139:1667226213,FC7CE406-D257-CCDA-98AF-9196A6770FAB:sshd,EXECUTE,AC0129FE-E99A-684E-030E-43C1CDEF814B,bash,ta1-trace-2
1557811542.135:1667226101,2A0E8FEC-2311-0195-884B-F7D6B7910654:sshd,FORK,FC7CE406-D257-CCDA-98AF-9196A6770FAB,sshd,ta1-trace-2
1557811542.135:1667226049,E12ED563-B1F3-9E8B-C50A-955402807F29:sshd,MMAP,BB22BF8E-A842-CD2B-30BE-F0B5F2EE46B2,/etc/passwd,ta1-trace-2
1557811542.135:1667226041,E12ED563-B1F3-9E8B-C50A-955402807F29:sshd,MMAP,BB22BF8E-A842-CD2B-30BE-F0B5F2EE46B2,/etc/passwd,ta1-trace-2
1557811542.135:1667226005,9C5FC00C-F5E7-7213-425D-6B75ACF8DA0B:sshd,CHANGE_PRINCIPAL,2A0E8FEC-2311-0195-884B-F7D6B7910654,sshd,ta1-trace-2
1557811542.135:1667225983,6586A599-2432-59BB-EF67-55600441743E:sshd,CHANGE_PRINCIPAL,9C5FC00C-F5E7-7213-425D-6B75ACF8DA0B,sshd,ta1-trace-2
1557811542.135:1667225980,E12ED563-B1F3-9E8B-C50A-955402807F29:sshd,FORK,6586A599-2432-59BB-EF67-55600441743E,sshd,ta1-trace-2
1557811542.135:1667225971,E12ED563-B1F3-9E8B-C50A-955402807F29:sshd,MMAP,BB22BF8E-A842-CD2B-30BE-F0B5F2EE46B2,/etc/passwd,ta1-trace-2
1557811542.135:1667225935,E12ED563-B1F3-9E8B-C50A-955402807F29:sshd,MMAP,BB22BF8E-A842-CD2B-30BE-F0B5F2EE46B2,/etc/passwd,ta1-trace-2
1557811542.135:1667225932,E12ED563-B1F3-9E8B-C50A-955402807F29:sshd,MMAP,BB22BF8E-A842-CD2B-30BE-F0B5F2EE46B2,/etc/passwd,ta1-trace-2
1557811542.135:1667225929,E12ED563-B1F3-9E8B-C50A-955402807F29:sshd,MMAP,BB22BF8E-A842-CD2B-30BE-F0B5F2EE46B2,/etc/passwd,ta1-trace-2
1557811542.059:1667223697,0F3BC57A-544E-18FA-964D-AE4F25B1BAE7:lsb_release,MMAP,BB22BF8E-A842-CD2B-30BE-F0B5F2EE46B2,/etc/passwd,ta1-trace-2
1557811542.047:1667223425,AC86EEB6-5DD4-02D6-8A2F-4432C61A0389:91-release-upgr,EXECUTE,0F3BC57A-544E-18FA-964D-AE4F25B1BAE7,lsb_release,ta1-trace-2
1557811542.047:1667223416,4B45D156-BEF3-6E93-FA60-F5AF89EA3C6A:91-release-upgr,FORK,AC86EEB6-5DD4-02D6-8A2F-4432C61A0389,91-release-upgr,ta1-trace-2
1557811542.047:1667223409,A7F48D1E-F743-B290-8735-6A41DC242E4E:91-release-upgr,FORK,4B45D156-BEF3-6E93-FA60-F5AF89EA3C6A,91-release-upgr,ta1-trace-2
1557811542.043:1667223387,CEBFD353-F7C4-2E8B-07CA-F008307FCB48:run-parts,EXECUTE,A7F48D1E-F743-B290-8735-6A41DC242E4E,91-release-upgr,ta1-trace-2
1557811542.043:1667223386,A5F0ED42-B126-652B-D1CB-C9200050FF21:run-parts,FORK,CEBFD353-F7C4-2E8B-07CA-F008307FCB48,run-parts,ta1-trace-2
1557811541.811:1667214970,A74CEB7D-A990-34FA-D02A-598F5AF0B722:landscape-sysin,MMAP,BB22BF8E-A842-CD2B-30BE-F0B5F2EE46B2,/etc/passwd,ta1-trace-2
1557811541.799:1667214548,A5DD838E-B5F5-85B8-1BB6-936F936402A0:50-landscape-sy,EXECUTE,A74CEB7D-A990-34FA-D02A-598F5AF0B722,landscape-sysin,ta1-trace-2
1557811541.799:1667214516,7C18DD17-A6F6-29A5-9A22-D1E5CEF888BE:50-landscape-sy,FORK,A5DD838E-B5F5-85B8-1BB6-936F936402A0,50-landscape-sy,ta1-trace-2
1557811541.791:1667214257,9D7BE7C8-A508-3411-ED9C-4E3324D64357:run-parts,EXECUTE,7C18DD17-A6F6-29A5-9A22-D1E5CEF888BE,50-landscape-sy,ta1-trace-2
1557811541.791:1667214251,A5F0ED42-B126-652B-D1CB-C9200050FF21:run-parts,FORK,9D7BE7C8-A508-3411-ED9C-4E3324D64357,run-parts,ta1-trace-2
1557811541.783:1667213923,59819ACD-94C3-5F4E-BE93-055FFFB74BBC:env,EXECUTE,A5F0ED42-B126-652B-D1CB-C9200050FF21,run-parts,ta1-trace-2
1557811541.783:1667213875,38FEEDB0-0C75-7F40-CA1B-EB3BBA842F09:sh,EXECUTE,59819ACD-94C3-5F4E-BE93-055FFFB74BBC,env,ta1-trace-2
1557811541.783:1667213867,13888F75-0BD5-CB46-8D88-4828DEA7A216:sh,FORK,38FEEDB0-0C75-7F40-CA1B-EB3BBA842F09,sh,ta1-trace-2
1557811541.783:1667213810,1BA3EC63-9B27-E9BB-C4A0-F47787AD2B7A:sshd,EXECUTE,13888F75-0BD5-CB46-8D88-4828DEA7A216,sh,ta1-trace-2
1557811541.783:1667213787,E12ED563-B1F3-9E8B-C50A-955402807F29:sshd,FORK,1BA3EC63-9B27-E9BB-C4A0-F47787AD2B7A,sshd,ta1-trace-2
1557811541.783:1667213781,E12ED563-B1F3-9E8B-C50A-955402807F29:sshd,MMAP,BB22BF8E-A842-CD2B-30BE-F0B5F2EE46B2,/etc/passwd,ta1-trace-2
1557811541.767:1667213556,E12ED563-B1F3-9E8B-C50A-955402807F29:sshd,MMAP,BB22BF8E-A842-CD2B-30BE-F0B5F2EE46B2,/etc/passwd,ta1-trace-2
1557811541.763:1667213504,E12ED563-B1F3-9E8B-C50A-955402807F29:sshd,MMAP,BB22BF8E-A842-CD2B-30BE-F0B5F2EE46B2,/etc/passwd,ta1-trace-2
1557811541.763:1667213492,A11536EF-7965-E715-EBA1-30B15A48AFA8:sshd,CHANGE_PRINCIPAL,E12ED563-B1F3-9E8B-C50A-955402807F29,sshd,ta1-trace-2
1557811541.763:1667213491,543C299B-44A0-3242-8809-657AF4B33609:sshd,CHANGE_PRINCIPAL,A11536EF-7965-E715-EBA1-30B15A48AFA8,sshd,ta1-trace-2
1557811541.763:1667213490,A11536EF-7965-E715-EBA1-30B15A48AFA8:sshd,CHANGE_PRINCIPAL,543C299B-44A0-3242-8809-657AF4B33609,sshd,ta1-trace-2
1557811541.763:1667213489,E12ED563-B1F3-9E8B-C50A-955402807F29:sshd,CHANGE_PRINCIPAL,A11536EF-7965-E715-EBA1-30B15A48AFA8,sshd,ta1-trace-2
1557811541.763:1667213487,E12ED563-B1F3-9E8B-C50A-955402807F29:sshd,MMAP,BB22BF8E-A842-CD2B-30BE-F0B5F2EE46B2,/etc/passwd,ta1-trace-2
1557811541.763:1667213473,E12ED563-B1F3-9E8B-C50A-955402807F29:sshd,MMAP,BB22BF8E-A842-CD2B-30BE-F0B5F2EE46B2,/etc/passwd,ta1-trace-2
1557811541.763:1667213433,E12ED563-B1F3-9E8B-C50A-955402807F29:sshd,MMAP,07E87BAE-732D-D58F-383B-111629036544,/etc/shadow,ta1-trace-2
1557811541.763:1667213430,E12ED563-B1F3-9E8B-C50A-955402807F29:sshd,MMAP,BB22BF8E-A842-CD2B-30BE-F0B5F2EE46B2,/etc/passwd,ta1-trace-2
1557811541.755:1667213401,E12ED563-B1F3-9E8B-C50A-955402807F29:sshd,MMAP,07E87BAE-732D-D58F-383B-111629036544,/etc/shadow,ta1-trace-2
1557811541.755:1667213398,E12ED563-B1F3-9E8B-C50A-955402807F29:sshd,MMAP,BB22BF8E-A842-CD2B-30BE-F0B5F2EE46B2,/etc/passwd,ta1-trace-2
1557811541.655:1667212951,E12ED563-B1F3-9E8B-C50A-955402807F29:sshd,MMAP,BB22BF8E-A842-CD2B-30BE-F0B5F2EE46B2,/etc/passwd,ta1-trace-2
1557811541.655:1667212919,E12ED563-B1F3-9E8B-C50A-955402807F29:sshd,READ,573E5010-1713-BD2C-2998-A48580BDA4D4,/etc/hosts,ta1-trace-2
1557811541.655:1667212918,E12ED563-B1F3-9E8B-C50A-955402807F29:sshd,READ,573E5010-1713-BD2C-2998-A48580BDA4D4,/etc/hosts,ta1-trace-2
1557811541.559:1667211803,E12ED563-B1F3-9E8B-C50A-955402807F29:sshd,MMAP,BB22BF8E-A842-CD2B-30BE-F0B5F2EE46B2,/etc/passwd,ta1-trace-2
1557811541.555:1667211523,43335C14-28CD-F444-E42E-2895FF164D31:sshd,EXECUTE,E12ED563-B1F3-9E8B-C50A-955402807F29,sshd,ta1-trace-2
1557811541.551:1667211502,DEF8FC47-7A9A-FBED-6B2A-08B2189BECCD:sshd,FORK,43335C14-28CD-F444-E42E-2895FF164D31,sshd,ta1-trace-2
1557811516.415:1667152809,CF527E42-9103-A26D-B7A5-FAA3BC797775:sshd,MMAP,BB22BF8E-A842-CD2B-30BE-F0B5F2EE46B2,/etc/passwd,ta1-trace-2
1557811516.415:1667152742,CF527E42-9103-A26D-B7A5-FAA3BC797775:sshd,MMAP,BB22BF8E-A842-CD2B-30BE-F0B5F2EE46B2,/etc/passwd,ta1-trace-2
1557811516.415:1667152657,9F53F43E-1D48-8402-8C8A-A4459529E11E:sshd,CHANGE_PRINCIPAL,CF527E42-9103-A26D-B7A5-FAA3BC797775,sshd,ta1-trace-2
1557811516.415:1667152656,9F53F43E-1D48-8402-8C8A-A4459529E11E:sshd,CHANGE_PRINCIPAL,9F53F43E-1D48-8402-8C8A-A4459529E11E,sshd,ta1-trace-2
1557811516.415:1667152655,CF527E42-9103-A26D-B7A5-FAA3BC797775:sshd,CHANGE_PRINCIPAL,9F53F43E-1D48-8402-8C8A-A4459529E11E,sshd,ta1-trace-2
1557811516.303:1667152270,B7F44C7F-1874-770C-E83F-3EB09715D73D:chsh,MMAP,07E87BAE-732D-D58F-383B-111629036544,/etc/shadow,ta1-trace-2
1557811516.299:1667152221,B7F44C7F-1874-770C-E83F-3EB09715D73D:chsh,MMAP,07E87BAE-732D-D58F-383B-111629036544,/etc/shadow,ta1-trace-2
1557811516.191:1667151655,C6A67503-E16A-78BD-A356-8CE8AE1B58B2:bash,EXECUTE,B7F44C7F-1874-770C-E83F-3EB09715D73D,chsh -s /bin/bash admin,ta1-trace-2
1557811516.191:1667151655,75655AD3-2DDD-F8B6-79DC-DB676F98E157:bash,CHANGE_PRINCIPAL,C6A67503-E16A-78BD-A356-8CE8AE1B58B2,bash,ta1-trace-2
1557811516.191:1667151649,AE33C41C-FCC1-5916-A5E4-622F463C7C04:bash,FORK,75655AD3-2DDD-F8B6-79DC-DB676F98E157,bash,ta1-trace-2
1557811516.011:1667148428,C41D79C1-A2A2-F054-4E09-4C60CBF0F2B4:sshd,EXECUTE,AE33C41C-FCC1-5916-A5E4-622F463C7C04,bash,ta1-trace-2
1557811516.007:1667148321,7B157F80-A73F-764B-9D02-940234FDAFCA:sshd,FORK,C41D79C1-A2A2-F054-4E09-4C60CBF0F2B4,sshd,ta1-trace-2
1557811516.007:1667148222,262383A2-62B5-E5D5-DA2E-AD9E282A8F24:sshd,CHANGE_PRINCIPAL,7B157F80-A73F-764B-9D02-940234FDAFCA,sshd,ta1-trace-2
1557811516.007:1667148200,D8FEB15F-5042-E998-1EEA-8AF987C35792:sshd,CHANGE_PRINCIPAL,262383A2-62B5-E5D5-DA2E-AD9E282A8F24,sshd,ta1-trace-2
1557811516.007:1667148197,CF527E42-9103-A26D-B7A5-FAA3BC797775:sshd,FORK,D8FEB15F-5042-E998-1EEA-8AF987C35792,sshd,ta1-trace-2
1557811515.711:1667135666,7F1D44CC-8D02-B522-D191-4C52E40A509F:sshd,CHANGE_PRINCIPAL,CF527E42-9103-A26D-B7A5-FAA3BC797775,sshd,ta1-trace-2
1557811515.711:1667135665,110C1859-1A8A-9F28-FA52-BAAB311ACAAD:sshd,CHANGE_PRINCIPAL,7F1D44CC-8D02-B522-D191-4C52E40A509F,sshd,ta1-trace-2
1557811515.711:1667135664,7F1D44CC-8D02-B522-D191-4C52E40A509F:sshd,CHANGE_PRINCIPAL,110C1859-1A8A-9F28-FA52-BAAB311ACAAD,sshd,ta1-trace-2
1557811515.711:1667135663,CF527E42-9103-A26D-B7A5-FAA3BC797775:sshd,CHANGE_PRINCIPAL,7F1D44CC-8D02-B522-D191-4C52E40A509F,sshd,ta1-trace-2
1557811515.711:1667135607,CF527E42-9103-A26D-B7A5-FAA3BC797775:sshd,MMAP,07E87BAE-732D-D58F-383B-111629036544,/etc/shadow,ta1-trace-2
1557811515.703:1667135555,CF527E42-9103-A26D-B7A5-FAA3BC797775:sshd,MMAP,07E87BAE-732D-D58F-383B-111629036544,/etc/shadow,ta1-trace-2
1557811515.603:1667134393,CF527E42-9103-A26D-B7A5-FAA3BC797775:sshd,READ,573E5010-1713-BD2C-2998-A48580BDA4D4,/etc/hosts,ta1-trace-2
1557811515.603:1667134392,CF527E42-9103-A26D-B7A5-FAA3BC797775:sshd,READ,573E5010-1713-BD2C-2998-A48580BDA4D4,/etc/hosts,ta1-trace-2
1557811515.503:1667133697,239D5489-FB24-82AF-3A81-0EBB5847FC19:sshd,EXECUTE,CF527E42-9103-A26D-B7A5-FAA3BC797775,sshd,ta1-trace-2
1557811515.503:1667133676,DEF8FC47-7A9A-FBED-6B2A-08B2189BECCD:sshd,FORK,239D5489-FB24-82AF-3A81-0EBB5847FC19,sshd,ta1-trace-2
1557811360.133:1666714795,97374918-6A3F-DAF2-8FC3-27D1308EB3FD:sshd,MMAP,07E87BAE-732D-D58F-383B-111629036544,/etc/shadow,ta1-trace-2
1557811360.125:1666714739,97374918-6A3F-DAF2-8FC3-27D1308EB3FD:sshd,MMAP,07E87BAE-732D-D58F-383B-111629036544,/etc/shadow,ta1-trace-2
1557811360.021:1666714260,97374918-6A3F-DAF2-8FC3-27D1308EB3FD:sshd,READ,573E5010-1713-BD2C-2998-A48580BDA4D4,/etc/hosts,ta1-trace-2
1557811360.021:1666714259,97374918-6A3F-DAF2-8FC3-27D1308EB3FD:sshd,READ,573E5010-1713-BD2C-2998-A48580BDA4D4,/etc/hosts,ta1-trace-2
1557811359.921:1666713585,3979D3BC-3C4E-79E1-C648-A20AB81CCF72:sshd,EXECUTE,97374918-6A3F-DAF2-8FC3-27D1308EB3FD,sshd,ta1-trace-2
1557811359.921:1666713564,DEF8FC47-7A9A-FBED-6B2A-08B2189BECCD:sshd,FORK,3979D3BC-3C4E-79E1-C648-A20AB81CCF72,sshd,ta1-trace-2
1557811353.193:1666679163,AD3D28AE-8E05-6C0F-C3A3-CADF20F75499:sshd,MMAP,07E87BAE-732D-D58F-383B-111629036544,/etc/shadow,ta1-trace-2
1557811353.185:1666679117,AD3D28AE-8E05-6C0F-C3A3-CADF20F75499:sshd,MMAP,07E87BAE-732D-D58F-383B-111629036544,/etc/shadow,ta1-trace-2
1557811353.081:1666678634,AD3D28AE-8E05-6C0F-C3A3-CADF20F75499:sshd,READ,573E5010-1713-BD2C-2998-A48580BDA4D4,/etc/hosts,ta1-trace-2
1557811353.081:1666678633,AD3D28AE-8E05-6C0F-C3A3-CADF20F75499:sshd,READ,573E5010-1713-BD2C-2998-A48580BDA4D4,/etc/hosts,ta1-trace-2
1557811353.013:1666678022,46EC50AD-0601-3DD9-EE4B-FBB75D89E4B0:sshd,EXECUTE,AD3D28AE-8E05-6C0F-C3A3-CADF20F75499,sshd,ta1-trace-2
1557811353.013:1666678001,DEF8FC47-7A9A-FBED-6B2A-08B2189BECCD:sshd,FORK,46EC50AD-0601-3DD9-EE4B-FBB75D89E4B0,sshd,ta1-trace-2
1557811242.768:1666425715,66B8E53E-34E4-0D99-9B04-C56C4FC459F7:sudo,CHANGE_PRINCIPAL,5539AEE2-9962-EA22-A41E-5387E52F63DD,sudo,ta1-trace-2
1557811242.768:1666425709,C8B1272F-EA70-255D-9553-6471C6A6B8EB:sudo,FORK,66B8E53E-34E4-0D99-9B04-C56C4FC459F7,sudo,ta1-trace-2
1557811242.768:1666425669,C37B2F95-57BF-9B47-B96C-6129711C7501:sudo,CHANGE_PRINCIPAL,C8B1272F-EA70-255D-9553-6471C6A6B8EB,sudo,ta1-trace-2
1557811242.768:1666425656,9B9F1CD9-3775-51BD-4D2F-47FFC33FAD72:sudo,CHANGE_PRINCIPAL,C37B2F95-57BF-9B47-B96C-6129711C7501,sudo,ta1-trace-2
1557811242.768:1666425652,C37B2F95-57BF-9B47-B96C-6129711C7501:sudo,CHANGE_PRINCIPAL,9B9F1CD9-3775-51BD-4D2F-47FFC33FAD72,sudo,ta1-trace-2
1557811242.768:1666425459,154C6144-674D-67E7-BC9A-D5F015EE24AE:sudo,CHANGE_PRINCIPAL,C37B2F95-57BF-9B47-B96C-6129711C7501,sudo,ta1-trace-2
1557811242.768:1666425448,9B9F1CD9-3775-51BD-4D2F-47FFC33FAD72:sudo,CHANGE_PRINCIPAL,154C6144-674D-67E7-BC9A-D5F015EE24AE,sudo,ta1-trace-2
1557811242.768:1666425441,9B9F1CD9-3775-51BD-4D2F-47FFC33FAD72:sudo,READ,573E5010-1713-BD2C-2998-A48580BDA4D4,/etc/hosts,ta1-trace-2
1557811242.768:1666425440,9B9F1CD9-3775-51BD-4D2F-47FFC33FAD72:sudo,READ,573E5010-1713-BD2C-2998-A48580BDA4D4,/etc/hosts,ta1-trace-2
1557811242.768:1666425418,201D42AA-29CA-7CAA-C225-1138688BA8B5:sudo,CHANGE_PRINCIPAL,9B9F1CD9-3775-51BD-4D2F-47FFC33FAD72,sudo,ta1-trace-2
1557811242.768:1666425414,9B9F1CD9-3775-51BD-4D2F-47FFC33FAD72:sudo,CHANGE_PRINCIPAL,201D42AA-29CA-7CAA-C225-1138688BA8B5,sudo,ta1-trace-2
1557811242.768:1666425410,201D42AA-29CA-7CAA-C225-1138688BA8B5:sudo,CHANGE_PRINCIPAL,9B9F1CD9-3775-51BD-4D2F-47FFC33FAD72,sudo,ta1-trace-2
1557811242.768:1666425406,9B9F1CD9-3775-51BD-4D2F-47FFC33FAD72:sudo,CHANGE_PRINCIPAL,201D42AA-29CA-7CAA-C225-1138688BA8B5,sudo,ta1-trace-2
1557811242.768:1666425402,201D42AA-29CA-7CAA-C225-1138688BA8B5:sudo,CHANGE_PRINCIPAL,9B9F1CD9-3775-51BD-4D2F-47FFC33FAD72,sudo,ta1-trace-2
1557811242.768:1666425398,9B9F1CD9-3775-51BD-4D2F-47FFC33FAD72:sudo,CHANGE_PRINCIPAL,201D42AA-29CA-7CAA-C225-1138688BA8B5,sudo,ta1-trace-2
1557811242.768:1666425394,201D42AA-29CA-7CAA-C225-1138688BA8B5:sudo,CHANGE_PRINCIPAL,9B9F1CD9-3775-51BD-4D2F-47FFC33FAD72,sudo,ta1-trace-2
1557811242.768:1666425390,C37B2F95-57BF-9B47-B96C-6129711C7501:sudo,CHANGE_PRINCIPAL,201D42AA-29CA-7CAA-C225-1138688BA8B5,sudo,ta1-trace-2
1557811242.764:1666425215,A1F1FE40-B6B6-700F-CE7E-9959232660CA:bash,EXECUTE,C37B2F95-57BF-9B47-B96C-6129711C7501,sudo sysctl vm.dirty_ratio=0,ta1-trace-2
1557811242.764:1666425215,F076C29F-4884-87CE-6F2C-7860F90BBC95:bash,CHANGE_PRINCIPAL,A1F1FE40-B6B6-700F-CE7E-9959232660CA,bash,ta1-trace-2
1557811242.764:1666425209,C16C800A-A3FE-9C15-EE10-2DCCC894E4F8:bash,FORK,F076C29F-4884-87CE-6F2C-7860F90BBC95,bash,ta1-trace-2
1557811242.660:1666424858,2B99CC25-11D1-0DF5-5574-A6359B4BF80A:sudo,CHANGE_PRINCIPAL,017607C4-DE45-E094-B16F-BB44DDCE0E59,sudo,ta1-trace-2
1557811242.660:1666424852,1FE94174-3BA7-E366-519C-C00E95D575A7:sudo,FORK,2B99CC25-11D1-0DF5-5574-A6359B4BF80A,sudo,ta1-trace-2
1557811242.660:1666424812,64DEEA59-A88B-A227-7DD9-1A4A46D4628B:sudo,CHANGE_PRINCIPAL,1FE94174-3BA7-E366-519C-C00E95D575A7,sudo,ta1-trace-2
1557811242.660:1666424799,91EBC784-3D87-0E11-E151-BA508E15CB21:sudo,CHANGE_PRINCIPAL,64DEEA59-A88B-A227-7DD9-1A4A46D4628B,sudo,ta1-trace-2
1557811242.660:1666424795,64DEEA59-A88B-A227-7DD9-1A4A46D4628B:sudo,CHANGE_PRINCIPAL,91EBC784-3D87-0E11-E151-BA508E15CB21,sudo,ta1-trace-2
1557811242.660:1666424786,64DEEA59-A88B-A227-7DD9-1A4A46D4628B:sudo,MMAP,07E87BAE-732D-D58F-383B-111629036544,/etc/shadow,ta1-trace-2
1557811242.656:1666424762,64DEEA59-A88B-A227-7DD9-1A4A46D4628B:sudo,MMAP,07E87BAE-732D-D58F-383B-111629036544,/etc/shadow,ta1-trace-2
1557811242.552:1666424296,5641D686-3948-CC6F-ED7C-6665CF8EAA4F:sudo,CHANGE_PRINCIPAL,64DEEA59-A88B-A227-7DD9-1A4A46D4628B,sudo,ta1-trace-2
1557811242.552:1666424282,91EBC784-3D87-0E11-E151-BA508E15CB21:sudo,CHANGE_PRINCIPAL,5641D686-3948-CC6F-ED7C-6665CF8EAA4F,sudo,ta1-trace-2
1557811242.552:1666424273,91EBC784-3D87-0E11-E151-BA508E15CB21:sudo,READ,573E5010-1713-BD2C-2998-A48580BDA4D4,/etc/hosts,ta1-trace-2
1557811242.552:1666424272,91EBC784-3D87-0E11-E151-BA508E15CB21:sudo,READ,573E5010-1713-BD2C-2998-A48580BDA4D4,/etc/hosts,ta1-trace-2
1557811242.552:1666424250,0EE508F5-564F-E5AD-968E-8B5798C1BF90:sudo,CHANGE_PRINCIPAL,91EBC784-3D87-0E11-E151-BA508E15CB21,sudo,ta1-trace-2
1557811242.552:1666424246,91EBC784-3D87-0E11-E151-BA508E15CB21:sudo,CHANGE_PRINCIPAL,0EE508F5-564F-E5AD-968E-8B5798C1BF90,sudo,ta1-trace-2
1557811242.552:1666424242,0EE508F5-564F-E5AD-968E-8B5798C1BF90:sudo,CHANGE_PRINCIPAL,91EBC784-3D87-0E11-E151-BA508E15CB21,sudo,ta1-trace-2
1557811242.552:1666424238,91EBC784-3D87-0E11-E151-BA508E15CB21:sudo,CHANGE_PRINCIPAL,0EE508F5-564F-E5AD-968E-8B5798C1BF90,sudo,ta1-trace-2
1557811242.552:1666424234,0EE508F5-564F-E5AD-968E-8B5798C1BF90:sudo,CHANGE_PRINCIPAL,91EBC784-3D87-0E11-E151-BA508E15CB21,sudo,ta1-trace-2
1557811242.552:1666424230,91EBC784-3D87-0E11-E151-BA508E15CB21:sudo,CHANGE_PRINCIPAL,0EE508F5-564F-E5AD-968E-8B5798C1BF90,sudo,ta1-trace-2
1557811242.552:1666424226,0EE508F5-564F-E5AD-968E-8B5798C1BF90:sudo,CHANGE_PRINCIPAL,91EBC784-3D87-0E11-E151-BA508E15CB21,sudo,ta1-trace-2
1557811242.552:1666424222,64DEEA59-A88B-A227-7DD9-1A4A46D4628B:sudo,CHANGE_PRINCIPAL,0EE508F5-564F-E5AD-968E-8B5798C1BF90,sudo,ta1-trace-2
1557811242.548:1666424043,DBCF30E8-ACB4-84A7-F53D-1BFF33D9961D:bash,EXECUTE,64DEEA59-A88B-A227-7DD9-1A4A46D4628B,sudo sysctl vm.dirty_ratio=1,ta1-trace-2
1557811242.548:1666424043,635476AB-8EF6-A73A-3A66-B5354878A736:bash,CHANGE_PRINCIPAL,DBCF30E8-ACB4-84A7-F53D-1BFF33D9961D,bash,ta1-trace-2
1557811242.548:1666424037,C16C800A-A3FE-9C15-EE10-2DCCC894E4F8:bash,FORK,635476AB-8EF6-A73A-3A66-B5354878A736,bash,ta1-trace-2
1557811242.200:1666410357,FD24267B-05C2-A311-E5C7-E835720BA4C9:sshd,EXECUTE,C16C800A-A3FE-9C15-EE10-2DCCC894E4F8,bash,ta1-trace-2
1557811242.200:1666410225,99ED7EAE-F244-B6DB-55BC-06EC9E3F0F4E:sshd,FORK,FD24267B-05C2-A311-E5C7-E835720BA4C9,sshd,ta1-trace-2
1557811242.200:1666410153,0F7CE5EB-AABB-A9E9-0331-7EC0701D0849:sshd,CHANGE_PRINCIPAL,99ED7EAE-F244-B6DB-55BC-06EC9E3F0F4E,sshd,ta1-trace-2
1557811242.200:1666410127,BE3C404D-2733-7FC1-1198-8DAFFE121DE2:sshd,CHANGE_PRINCIPAL,0F7CE5EB-AABB-A9E9-0331-7EC0701D0849,sshd,ta1-trace-2
1557811242.200:1666410124,800C1D24-6950-8A1F-CB1C-F44DD3EDE255:sshd,FORK,BE3C404D-2733-7FC1-1198-8DAFFE121DE2,sshd,ta1-trace-2
1557811241.940:1666397823,34277031-C8F1-38DB-E64C-83EEA63F8F1E:sshd,CHANGE_PRINCIPAL,800C1D24-6950-8A1F-CB1C-F44DD3EDE255,sshd,ta1-trace-2
1557811241.940:1666397821,A15A22E3-3D0D-0CC5-052E-789D3FF4EDD5:sshd,CHANGE_PRINCIPAL,34277031-C8F1-38DB-E64C-83EEA63F8F1E,sshd,ta1-trace-2
1557811241.940:1666397819,34277031-C8F1-38DB-E64C-83EEA63F8F1E:sshd,CHANGE_PRINCIPAL,A15A22E3-3D0D-0CC5-052E-789D3FF4EDD5,sshd,ta1-trace-2
1557811241.940:1666397817,800C1D24-6950-8A1F-CB1C-F44DD3EDE255:sshd,CHANGE_PRINCIPAL,34277031-C8F1-38DB-E64C-83EEA63F8F1E,sshd,ta1-trace-2
1557811241.936:1666397760,800C1D24-6950-8A1F-CB1C-F44DD3EDE255:sshd,MMAP,07E87BAE-732D-D58F-383B-111629036544,/etc/shadow,ta1-trace-2
1557811241.928:1666397715,800C1D24-6950-8A1F-CB1C-F44DD3EDE255:sshd,MMAP,07E87BAE-732D-D58F-383B-111629036544,/etc/shadow,ta1-trace-2
1557811241.824:1666397248,800C1D24-6950-8A1F-CB1C-F44DD3EDE255:sshd,READ,573E5010-1713-BD2C-2998-A48580BDA4D4,/etc/hosts,ta1-trace-2
1557811241.824:1666397247,800C1D24-6950-8A1F-CB1C-F44DD3EDE255:sshd,READ,573E5010-1713-BD2C-2998-A48580BDA4D4,/etc/hosts,ta1-trace-2
1557811241.728:1666396552,AA8966FB-D8BB-036A-EE2F-D351743EE636:sshd,EXECUTE,800C1D24-6950-8A1F-CB1C-F44DD3EDE255,sshd,ta1-trace-2
1557811241.728:1666396531,DEF8FC47-7A9A-FBED-6B2A-08B2189BECCD:sshd,FORK,AA8966FB-D8BB-036A-EE2F-D351743EE636,sshd,ta1-trace-2
1557811191.463:1666261593,5B4BC06F-B9B7-576F-901E-9C52B27E31D3:sshd,MMAP,07E87BAE-732D-D58F-383B-111629036544,/etc/shadow,ta1-trace-2
1557811191.451:1666261561,5B4BC06F-B9B7-576F-901E-9C52B27E31D3:sshd,MMAP,07E87BAE-732D-D58F-383B-111629036544,/etc/shadow,ta1-trace-2
1557811191.343:1666261079,5B4BC06F-B9B7-576F-901E-9C52B27E31D3:sshd,READ,573E5010-1713-BD2C-2998-A48580BDA4D4,/etc/hosts,ta1-trace-2
1557811191.343:1666261078,5B4BC06F-B9B7-576F-901E-9C52B27E31D3:sshd,READ,573E5010-1713-BD2C-2998-A48580BDA4D4,/etc/hosts,ta1-trace-2
1557811191.247:1666260411,C9C970EF-288F-F518-7ABE-52FC224C9519:sshd,EXECUTE,5B4BC06F-B9B7-576F-901E-9C52B27E31D3,sshd,ta1-trace-2
1557811191.243:1666260390,DEF8FC47-7A9A-FBED-6B2A-08B2189BECCD:sshd,FORK,C9C970EF-288F-F518-7ABE-52FC224C9519,sshd,ta1-trace-2
1557811175.115:1666200194,AB490CEB-154C-4A23-AD0B-0DC43BAAA590:sshd,MMAP,07E87BAE-732D-D58F-383B-111629036544,/etc/shadow,ta1-trace-2
1557811175.103:1666200128,AB490CEB-154C-4A23-AD0B-0DC43BAAA590:sshd,MMAP,07E87BAE-732D-D58F-383B-111629036544,/etc/shadow,ta1-trace-2
1557811174.999:1666199595,AB490CEB-154C-4A23-AD0B-0DC43BAAA590:sshd,READ,573E5010-1713-BD2C-2998-A48580BDA4D4,/etc/hosts,ta1-trace-2
1557811174.999:1666199594,AB490CEB-154C-4A23-AD0B-0DC43BAAA590:sshd,READ,573E5010-1713-BD2C-2998-A48580BDA4D4,/etc/hosts,ta1-trace-2
1557811174.907:1666198870,ABBC7D1E-6844-DFAA-C62A-A4F7BD0D2C12:sshd,EXECUTE,AB490CEB-154C-4A23-AD0B-0DC43BAAA590,sshd,ta1-trace-2
1557811174.907:1666198849,DEF8FC47-7A9A-FBED-6B2A-08B2189BECCD:sshd,FORK,ABBC7D1E-6844-DFAA-C62A-A4F7BD0D2C12,sshd,ta1-trace-2
1557811172.091:1666157608,585B95C3-F316-5E03-9532-D8295842994C:perl,MMAP,07E87BAE-732D-D58F-383B-111629036544,/etc/shadow,ta1-trace-2
1557811172.091:1666157498,8C925912-D44C-0616-BFED-9BE97ED65F61:man-db.postinst,EXECUTE,585B95C3-F316-5E03-9532-D8295842994C,perl,ta1-trace-2
1557811172.091:1666157496,EF69B8E0-659B-F052-F82F-029E3C8867C0:man-db.postinst,FORK,8C925912-D44C-0616-BFED-9BE97ED65F61,man-db.postinst,ta1-trace-2
1557811172.091:1666157475,23A1F5AC-237A-FCF2-25F6-4D3C14E209DC:dpkg,EXECUTE,EF69B8E0-659B-F052-F82F-029E3C8867C0,man-db.postinst,ta1-trace-2
1557811172.091:1666157474,17907D73-984E-BF44-CDD1-A82C8FB9A470:dpkg,FORK,23A1F5AC-237A-FCF2-25F6-4D3C14E209DC,dpkg,ta1-trace-2
1557811171.427:1666144760,CFF8CDAB-02D1-7BFA-75E2-B2D3D2AC5FED:sudo,EXECUTE,17907D73-984E-BF44-CDD1-A82C8FB9A470,dpkg,ta1-trace-2
1557811171.427:1666144750,9DA769A7-F6DD-27E4-9F96-15493810B02E:sudo,CHANGE_PRINCIPAL,CFF8CDAB-02D1-7BFA-75E2-B2D3D2AC5FED,sudo,ta1-trace-2
1557811171.427:1666144744,22E0C843-EC55-1929-D819-A3BCA357A03E:sudo,FORK,9DA769A7-F6DD-27E4-9F96-15493810B02E,sudo,ta1-trace-2
1557811171.427:1666144704,63AFCB56-7710-A5CB-888F-7A6D9CBA1789:sudo,CHANGE_PRINCIPAL,22E0C843-EC55-1929-D819-A3BCA357A03E,sudo,ta1-trace-2
1557811171.427:1666144691,301864F3-D888-7B2A-5EF5-9F551958396A:sudo,CHANGE_PRINCIPAL,63AFCB56-7710-A5CB-888F-7A6D9CBA1789,sudo,ta1-trace-2
1557811171.427:1666144687,63AFCB56-7710-A5CB-888F-7A6D9CBA1789:sudo,CHANGE_PRINCIPAL,301864F3-D888-7B2A-5EF5-9F551958396A,sudo,ta1-trace-2
1557811171.427:1666144498,8EA0D5EE-86FC-7273-6358-22E68339EE39:sudo,CHANGE_PRINCIPAL,63AFCB56-7710-A5CB-888F-7A6D9CBA1789,sudo,ta1-trace-2
1557811171.427:1666144487,301864F3-D888-7B2A-5EF5-9F551958396A:sudo,CHANGE_PRINCIPAL,8EA0D5EE-86FC-7273-6358-22E68339EE39,sudo,ta1-trace-2
1557811171.427:1666144480,301864F3-D888-7B2A-5EF5-9F551958396A:sudo,READ,573E5010-1713-BD2C-2998-A48580BDA4D4,/etc/hosts,ta1-trace-2
1557811171.427:1666144479,301864F3-D888-7B2A-5EF5-9F551958396A:sudo,READ,573E5010-1713-BD2C-2998-A48580BDA4D4,/etc/hosts,ta1-trace-2
1557811171.427:1666144457,4DDEF202-41DB-C567-2639-B3D6591EDBD3:sudo,CHANGE_PRINCIPAL,301864F3-D888-7B2A-5EF5-9F551958396A,sudo,ta1-trace-2
1557811171.423:1666144453,301864F3-D888-7B2A-5EF5-9F551958396A:sudo,CHANGE_PRINCIPAL,4DDEF202-41DB-C567-2639-B3D6591EDBD3,sudo,ta1-trace-2
1557811171.423:1666144449,4DDEF202-41DB-C567-2639-B3D6591EDBD3:sudo,CHANGE_PRINCIPAL,301864F3-D888-7B2A-5EF5-9F551958396A,sudo,ta1-trace-2
1557811171.423:1666144445,301864F3-D888-7B2A-5EF5-9F551958396A:sudo,CHANGE_PRINCIPAL,4DDEF202-41DB-C567-2639-B3D6591EDBD3,sudo,ta1-trace-2
1557811171.423:1666144441,4DDEF202-41DB-C567-2639-B3D6591EDBD3:sudo,CHANGE_PRINCIPAL,301864F3-D888-7B2A-5EF5-9F551958396A,sudo,ta1-trace-2
1557811171.423:1666144437,301864F3-D888-7B2A-5EF5-9F551958396A:sudo,CHANGE_PRINCIPAL,4DDEF202-41DB-C567-2639-B3D6591EDBD3,sudo,ta1-trace-2
1557811171.423:1666144433,4DDEF202-41DB-C567-2639-B3D6591EDBD3:sudo,CHANGE_PRINCIPAL,301864F3-D888-7B2A-5EF5-9F551958396A,sudo,ta1-trace-2
1557811171.423:1666144429,63AFCB56-7710-A5CB-888F-7A6D9CBA1789:sudo,CHANGE_PRINCIPAL,4DDEF202-41DB-C567-2639-B3D6591EDBD3,sudo,ta1-trace-2
1557811171.423:1666144254,71540AD6-8868-EC4A-0FF2-2B863785C561:bash,EXECUTE,63AFCB56-7710-A5CB-888F-7A6D9CBA1789,sudo dpkg -i xvnc4viewer.deb,ta1-trace-2
1557811171.423:1666144254,EBA000BD-2FF7-9A74-B4F8-4C6A42B09E8B:bash,CHANGE_PRINCIPAL,71540AD6-8868-EC4A-0FF2-2B863785C561,bash,ta1-trace-2
1557811171.423:1666144248,2A13289C-9D88-1EEF-1590-6BAA5AA22EF6:bash,FORK,EBA000BD-2FF7-9A74-B4F8-4C6A42B09E8B,bash,ta1-trace-2
1557811168.511:1666101987,E3FE8199-1B2B-1458-4098-5BD1FAC60103:perl,MMAP,07E87BAE-732D-D58F-383B-111629036544,/etc/shadow,ta1-trace-2
1557811168.495:1666101668,8C7EE399-90EC-CD3B-32A9-8F0B26DD3CF5:man-db.postinst,EXECUTE,E3FE8199-1B2B-1458-4098-5BD1FAC60103,perl,ta1-trace-2
1557811168.495:1666101663,CF977716-C8D4-FD9B-A633-551D3B28C4B6:man-db.postinst,FORK,8C7EE399-90EC-CD3B-32A9-8F0B26DD3CF5,man-db.postinst,ta1-trace-2
1557811168.495:1666101632,DEE235AB-9D25-8146-3CAE-633C9836F13F:dpkg,EXECUTE,CF977716-C8D4-FD9B-A633-551D3B28C4B6,man-db.postinst,ta1-trace-2
1557811168.495:1666101620,9A57A374-F825-F256-E79D-E82190BD6B20:dpkg,FORK,DEE235AB-9D25-8146-3CAE-633C9836F13F,dpkg,ta1-trace-2
1557811167.939:1666090316,B53B915E-0C02-41E6-F077-C9B4CE545FFF:sudo,EXECUTE,9A57A374-F825-F256-E79D-E82190BD6B20,dpkg,ta1-trace-2
1557811167.939:1666090306,58BCCA2E-1A4A-E5AA-4A5C-5098F9E20D13:sudo,CHANGE_PRINCIPAL,B53B915E-0C02-41E6-F077-C9B4CE545FFF,sudo,ta1-trace-2
1557811167.939:1666090300,0FFB4E89-BB10-C14C-C8FD-8D69CBB53E07:sudo,FORK,58BCCA2E-1A4A-E5AA-4A5C-5098F9E20D13,sudo,ta1-trace-2
1557811167.939:1666090260,6FE66D34-14C7-8265-E310-72F85F4DB443:sudo,CHANGE_PRINCIPAL,0FFB4E89-BB10-C14C-C8FD-8D69CBB53E07,sudo,ta1-trace-2
1557811167.939:1666090247,2E51D579-17F0-F4CC-31E7-05E391A868FC:sudo,CHANGE_PRINCIPAL,6FE66D34-14C7-8265-E310-72F85F4DB443,sudo,ta1-trace-2
1557811167.939:1666090243,6FE66D34-14C7-8265-E310-72F85F4DB443:sudo,CHANGE_PRINCIPAL,2E51D579-17F0-F4CC-31E7-05E391A868FC,sudo,ta1-trace-2
1557811167.939:1666090234,6FE66D34-14C7-8265-E310-72F85F4DB443:sudo,MMAP,07E87BAE-732D-D58F-383B-111629036544,/etc/shadow,ta1-trace-2
1557811167.935:1666090208,6FE66D34-14C7-8265-E310-72F85F4DB443:sudo,MMAP,07E87BAE-732D-D58F-383B-111629036544,/etc/shadow,ta1-trace-2
1557811167.831:1666089764,DD53D579-813A-EB8A-B516-7D784E062000:sudo,CHANGE_PRINCIPAL,6FE66D34-14C7-8265-E310-72F85F4DB443,sudo,ta1-trace-2
1557811167.831:1666089753,2E51D579-17F0-F4CC-31E7-05E391A868FC:sudo,CHANGE_PRINCIPAL,DD53D579-813A-EB8A-B516-7D784E062000,sudo,ta1-trace-2
1557811167.831:1666089746,2E51D579-17F0-F4CC-31E7-05E391A868FC:sudo,READ,573E5010-1713-BD2C-2998-A48580BDA4D4,/etc/hosts,ta1-trace-2
1557811167.831:1666089745,2E51D579-17F0-F4CC-31E7-05E391A868FC:sudo,READ,573E5010-1713-BD2C-2998-A48580BDA4D4,/etc/hosts,ta1-trace-2
1557811167.831:1666089723,97C18995-2C61-71F3-F991-0538834DDEB7:sudo,CHANGE_PRINCIPAL,2E51D579-17F0-F4CC-31E7-05E391A868FC,sudo,ta1-trace-2
1557811167.831:1666089719,2E51D579-17F0-F4CC-31E7-05E391A868FC:sudo,CHANGE_PRINCIPAL,97C18995-2C61-71F3-F991-0538834DDEB7,sudo,ta1-trace-2
1557811167.831:1666089715,97C18995-2C61-71F3-F991-0538834DDEB7:sudo,CHANGE_PRINCIPAL,2E51D579-17F0-F4CC-31E7-05E391A868FC,sudo,ta1-trace-2
1557811167.831:1666089711,2E51D579-17F0-F4CC-31E7-05E391A868FC:sudo,CHANGE_PRINCIPAL,97C18995-2C61-71F3-F991-0538834DDEB7,sudo,ta1-trace-2
1557811167.831:1666089707,97C18995-2C61-71F3-F991-0538834DDEB7:sudo,CHANGE_PRINCIPAL,2E51D579-17F0-F4CC-31E7-05E391A868FC,sudo,ta1-trace-2
1557811167.831:1666089703,2E51D579-17F0-F4CC-31E7-05E391A868FC:sudo,CHANGE_PRINCIPAL,97C18995-2C61-71F3-F991-0538834DDEB7,sudo,ta1-trace-2
1557811167.831:1666089699,97C18995-2C61-71F3-F991-0538834DDEB7:sudo,CHANGE_PRINCIPAL,2E51D579-17F0-F4CC-31E7-05E391A868FC,sudo,ta1-trace-2
1557811167.831:1666089695,6FE66D34-14C7-8265-E310-72F85F4DB443:sudo,CHANGE_PRINCIPAL,97C18995-2C61-71F3-F991-0538834DDEB7,sudo,ta1-trace-2
1557811167.827:1666089520,C9ECBA80-5296-1CA6-3F06-9D711B2BFF2B:bash,EXECUTE,6FE66D34-14C7-8265-E310-72F85F4DB443,sudo dpkg -r xvnc4viewer,ta1-trace-2
1557811167.827:1666089520,5D88E37A-9449-2443-B042-2EBEA7410ECF:bash,CHANGE_PRINCIPAL,C9ECBA80-5296-1CA6-3F06-9D711B2BFF2B,bash,ta1-trace-2
1557811167.827:1666089505,2A13289C-9D88-1EEF-1590-6BAA5AA22EF6:bash,FORK,5D88E37A-9449-2443-B042-2EBEA7410ECF,bash,ta1-trace-2
1557811167.047:1666083626,EF41F8C1-8475-5DA5-DD9D-35A99EA17745:sshd,EXECUTE,2A13289C-9D88-1EEF-1590-6BAA5AA22EF6,bash,ta1-trace-2
1557811167.043:1666083487,4703880C-DA56-E7AF-A8D1-AEF04D34A956:sshd,FORK,EF41F8C1-8475-5DA5-DD9D-35A99EA17745,sshd,ta1-trace-2
1557811167.043:1666083414,8A3F633E-BDE4-BF98-0AB5-9556EB8DA280:sshd,CHANGE_PRINCIPAL,4703880C-DA56-E7AF-A8D1-AEF04D34A956,sshd,ta1-trace-2
1557811167.043:1666083392,36014744-E94F-16E2-374D-BB5CF98C4E8E:sshd,CHANGE_PRINCIPAL,8A3F633E-BDE4-BF98-0AB5-9556EB8DA280,sshd,ta1-trace-2
1557811167.043:1666083389,50238F68-5C36-D56D-EB3D-23D29B9D1AE5:sshd,FORK,36014744-E94F-16E2-374D-BB5CF98C4E8E,sshd,ta1-trace-2
1557811166.791:1666071008,55224ECE-E339-88FF-53EC-DB8FE0FB03EA:sshd,CHANGE_PRINCIPAL,50238F68-5C36-D56D-EB3D-23D29B9D1AE5,sshd,ta1-trace-2
1557811166.791:1666071007,380A5350-6734-4C40-8537-14550FB7F5FE:sshd,CHANGE_PRINCIPAL,55224ECE-E339-88FF-53EC-DB8FE0FB03EA,sshd,ta1-trace-2
1557811166.791:1666071006,55224ECE-E339-88FF-53EC-DB8FE0FB03EA:sshd,CHANGE_PRINCIPAL,380A5350-6734-4C40-8537-14550FB7F5FE,sshd,ta1-trace-2
1557811166.791:1666071005,50238F68-5C36-D56D-EB3D-23D29B9D1AE5:sshd,CHANGE_PRINCIPAL,55224ECE-E339-88FF-53EC-DB8FE0FB03EA,sshd,ta1-trace-2
1557811166.791:1666070936,50238F68-5C36-D56D-EB3D-23D29B9D1AE5:sshd,MMAP,07E87BAE-732D-D58F-383B-111629036544,/etc/shadow,ta1-trace-2
1557811166.783:1666070893,50238F68-5C36-D56D-EB3D-23D29B9D1AE5:sshd,MMAP,07E87BAE-732D-D58F-383B-111629036544,/etc/shadow,ta1-trace-2
1557811166.683:1666070411,50238F68-5C36-D56D-EB3D-23D29B9D1AE5:sshd,READ,573E5010-1713-BD2C-2998-A48580BDA4D4,/etc/hosts,ta1-trace-2
1557811166.683:1666070410,50238F68-5C36-D56D-EB3D-23D29B9D1AE5:sshd,READ,573E5010-1713-BD2C-2998-A48580BDA4D4,/etc/hosts,ta1-trace-2
1557811166.591:1666069743,B7A5F196-C9FB-0C78-4EFE-97D44C491221:sshd,EXECUTE,50238F68-5C36-D56D-EB3D-23D29B9D1AE5,sshd,ta1-trace-2
1557811166.587:1666069722,DEF8FC47-7A9A-FBED-6B2A-08B2189BECCD:sshd,FORK,B7A5F196-C9FB-0C78-4EFE-97D44C491221,sshd,ta1-trace-2
1557811158.687:1666049825,655C1AA7-04E4-628C-2DA6-6C50DACD3357:cat,READ,573E5010-1713-BD2C-2998-A48580BDA4D4,/etc/hosts,ta1-trace-2
1557811158.687:1666049822,655C1AA7-04E4-628C-2DA6-6C50DACD3357:cat,READ,573E5010-1713-BD2C-2998-A48580BDA4D4,/etc/hosts,ta1-trace-2
1557811158.687:1666049800,17FB84C4-7EB7-0928-8110-566B3B8F9871:bash,EXECUTE,655C1AA7-04E4-628C-2DA6-6C50DACD3357,cat /etc/hosts,ta1-trace-2
1557811158.687:1666049786,9B6EF80E-E670-0C7B-A7DD-3E6ACD623AFF:bash,FORK,17FB84C4-7EB7-0928-8110-566B3B8F9871,bash,ta1-trace-2
1557811150.151:1666027357,7A51D4E3-574C-79C7-7C3B-B02F319585AA:bash,EXECUTE,1389149D-6A35-348E-A16C-C9892E1DFF44,ps,ta1-trace-2
1557811150.151:1666027351,9B6EF80E-E670-0C7B-A7DD-3E6ACD623AFF:bash,FORK,7A51D4E3-574C-79C7-7C3B-B02F319585AA,bash,ta1-trace-2
1557811148.391:1666021661,C4117568-5F54-2EF8-674C-D2FC19A028B5:bash,EXECUTE,AB7A8ECB-690F-F943-FEC0-7F23A876960B,whoami,ta1-trace-2
1557811148.391:1666021655,9B6EF80E-E670-0C7B-A7DD-3E6ACD623AFF:bash,FORK,C4117568-5F54-2EF8-674C-D2FC19A028B5,bash,ta1-trace-2
1557811147.775:1666017618,157C91E6-8CC7-6489-C077-614D5450CA99:sshd,EXECUTE,9B6EF80E-E670-0C7B-A7DD-3E6ACD623AFF,bash,ta1-trace-2
1557811147.771:1666017492,19C18643-EE84-AD08-0969-7B59341C24A4:sshd,FORK,157C91E6-8CC7-6489-C077-614D5450CA99,sshd,ta1-trace-2
1557811147.771:1666017420,1FDFEE52-7F7A-F594-A5F1-CB14C5D89E42:sshd,CHANGE_PRINCIPAL,19C18643-EE84-AD08-0969-7B59341C24A4,sshd,ta1-trace-2
1557811147.771:1666017398,9A649B11-0642-FA1F-1DC3-C231585FACD7:sshd,CHANGE_PRINCIPAL,1FDFEE52-7F7A-F594-A5F1-CB14C5D89E42,sshd,ta1-trace-2
1557811147.771:1666017395,197F3AC7-DB45-FDE9-5DE5-23FFD8C023EA:sshd,FORK,9A649B11-0642-FA1F-1DC3-C231585FACD7,sshd,ta1-trace-2
1557811147.519:1666004453,D819EEE7-2A78-8C54-426F-1514C0B39BBD:sshd,CHANGE_PRINCIPAL,197F3AC7-DB45-FDE9-5DE5-23FFD8C023EA,sshd,ta1-trace-2
1557811147.519:1666004452,CF26778D-51F4-53EE-9D8C-A48B48F9437E:sshd,CHANGE_PRINCIPAL,D819EEE7-2A78-8C54-426F-1514C0B39BBD,sshd,ta1-trace-2
1557811147.519:1666004451,D819EEE7-2A78-8C54-426F-1514C0B39BBD:sshd,CHANGE_PRINCIPAL,CF26778D-51F4-53EE-9D8C-A48B48F9437E,sshd,ta1-trace-2
1557811147.519:1666004450,197F3AC7-DB45-FDE9-5DE5-23FFD8C023EA:sshd,CHANGE_PRINCIPAL,D819EEE7-2A78-8C54-426F-1514C0B39BBD,sshd,ta1-trace-2
1557811147.515:1666004394,197F3AC7-DB45-FDE9-5DE5-23FFD8C023EA:sshd,MMAP,07E87BAE-732D-D58F-383B-111629036544,/etc/shadow,ta1-trace-2
1557811147.507:1666004362,197F3AC7-DB45-FDE9-5DE5-23FFD8C023EA:sshd,MMAP,07E87BAE-732D-D58F-383B-111629036544,/etc/shadow,ta1-trace-2
1557811147.175:1666003459,197F3AC7-DB45-FDE9-5DE5-23FFD8C023EA:sshd,READ,573E5010-1713-BD2C-2998-A48580BDA4D4,/etc/hosts,ta1-trace-2
1557811147.175:1666003458,197F3AC7-DB45-FDE9-5DE5-23FFD8C023EA:sshd,READ,573E5010-1713-BD2C-2998-A48580BDA4D4,/etc/hosts,ta1-trace-2
1557811146.943:1666002531,F5CEB4C0-F993-C187-16C6-106ADE5F9C52:sshd,EXECUTE,197F3AC7-DB45-FDE9-5DE5-23FFD8C023EA,sshd,ta1-trace-2
1557811146.943:1666002510,DEF8FC47-7A9A-FBED-6B2A-08B2189BECCD:sshd,FORK,F5CEB4C0-F993-C187-16C6-106ADE5F9C52,sshd,ta1-trace-2
1557811021.106:1665705525,B12948DD-A198-E7BE-7784-845195D3557C:mandb,MMAP,07E87BAE-732D-D58F-383B-111629036544,/etc/shadow,ta1-trace-2
1557811021.098:1665705321,16454A50-ADE1-CA05-842D-73C0B89BFB86:null,CHANGE_PRINCIPAL,B12948DD-A198-E7BE-7784-845195D3557C,mandb,ta1-trace-2
1557810959.689:1665540348,7F4157EC-7E87-3FA1-B208-FA66EE6B0D28:sshd,MMAP,07E87BAE-732D-D58F-383B-111629036544,/etc/shadow,ta1-trace-2
1557810959.681:1665540295,7F4157EC-7E87-3FA1-B208-FA66EE6B0D28:sshd,MMAP,07E87BAE-732D-D58F-383B-111629036544,/etc/shadow,ta1-trace-2
1557810959.581:1665539102,7F4157EC-7E87-3FA1-B208-FA66EE6B0D28:sshd,READ,573E5010-1713-BD2C-2998-A48580BDA4D4,/etc/hosts,ta1-trace-2
1557810959.581:1665539101,7F4157EC-7E87-3FA1-B208-FA66EE6B0D28:sshd,READ,573E5010-1713-BD2C-2998-A48580BDA4D4,/etc/hosts,ta1-trace-2
1557810959.517:1665538510,71FB0CC3-FA2F-4D9C-2630-93FE96A3ACCE:sshd,EXECUTE,7F4157EC-7E87-3FA1-B208-FA66EE6B0D28,sshd,ta1-trace-2
1557810959.517:1665538488,DEF8FC47-7A9A-FBED-6B2A-08B2189BECCD:sshd,FORK,71FB0CC3-FA2F-4D9C-2630-93FE96A3ACCE,sshd,ta1-trace-2
1557810919.413:1665001536,10449DC5-2500-A578-C0F2-6AE952EFF396:sshd,MMAP,07E87BAE-732D-D58F-383B-111629036544,/etc/shadow,ta1-trace-2
1557810919.401:1665001502,10449DC5-2500-A578-C0F2-6AE952EFF396:sshd,MMAP,07E87BAE-732D-D58F-383B-111629036544,/etc/shadow,ta1-trace-2
1557810919.301:1665001002,10449DC5-2500-A578-C0F2-6AE952EFF396:sshd,READ,573E5010-1713-BD2C-2998-A48580BDA4D4,/etc/hosts,ta1-trace-2
1557810919.301:1665001001,10449DC5-2500-A578-C0F2-6AE952EFF396:sshd,READ,573E5010-1713-BD2C-2998-A48580BDA4D4,/etc/hosts,ta1-trace-2
1557810919.233:1665000414,CAC10696-9A47-40C6-9A55-507F9BC6A109:sshd,EXECUTE,10449DC5-2500-A578-C0F2-6AE952EFF396,sshd,ta1-trace-2
1557810919.233:1665000393,DEF8FC47-7A9A-FBED-6B2A-08B2189BECCD:sshd,FORK,CAC10696-9A47-40C6-9A55-507F9BC6A109,sshd,ta1-trace-2
1557810782.303:1664677356,F6EA6CC1-7BD2-1775-4426-0A505AA2C8B1:sshd,MMAP,07E87BAE-732D-D58F-383B-111629036544,/etc/shadow,ta1-trace-2
1557810782.291:1664677323,F6EA6CC1-7BD2-1775-4426-0A505AA2C8B1:sshd,MMAP,07E87BAE-732D-D58F-383B-111629036544,/etc/shadow,ta1-trace-2
1557810782.187:1664676870,F6EA6CC1-7BD2-1775-4426-0A505AA2C8B1:sshd,READ,573E5010-1713-BD2C-2998-A48580BDA4D4,/etc/hosts,ta1-trace-2
1557810782.187:1664676869,F6EA6CC1-7BD2-1775-4426-0A505AA2C8B1:sshd,READ,573E5010-1713-BD2C-2998-A48580BDA4D4,/etc/hosts,ta1-trace-2
1557810782.087:1664676179,D0F7346E-3548-A46F-7601-0FA19138732F:sshd,EXECUTE,F6EA6CC1-7BD2-1775-4426-0A505AA2C8B1,sshd,ta1-trace-2
1557810782.087:1664676158,DEF8FC47-7A9A-FBED-6B2A-08B2189BECCD:sshd,FORK,D0F7346E-3548-A46F-7601-0FA19138732F,sshd,ta1-trace-2
1557810670.490:1664407213,CEED75EA-E527-30A2-6420-F6FA7030B810:sshd,MMAP,07E87BAE-732D-D58F-383B-111629036544,/etc/shadow,ta1-trace-2
1557810670.482:1664407157,CEED75EA-E527-30A2-6420-F6FA7030B810:sshd,MMAP,07E87BAE-732D-D58F-383B-111629036544,/etc/shadow,ta1-trace-2
1557810670.370:1664406675,CEED75EA-E527-30A2-6420-F6FA7030B810:sshd,READ,573E5010-1713-BD2C-2998-A48580BDA4D4,/etc/hosts,ta1-trace-2
1557810670.370:1664406674,CEED75EA-E527-30A2-6420-F6FA7030B810:sshd,READ,573E5010-1713-BD2C-2998-A48580BDA4D4,/etc/hosts,ta1-trace-2
1557810670.274:1664406008,9BD5621C-D5A3-51C3-24CD-D25D4EEDD8E2:sshd,EXECUTE,CEED75EA-E527-30A2-6420-F6FA7030B810,sshd,ta1-trace-2
1557810670.274:1664405987,DEF8FC47-7A9A-FBED-6B2A-08B2189BECCD:sshd,FORK,9BD5621C-D5A3-51C3-24CD-D25D4EEDD8E2,sshd,ta1-trace-2
1557810501.552:1664009304,3F0F368F-3BEE-FC83-ECE1-BF4F8AE0C2A1:sshd,MMAP,07E87BAE-732D-D58F-383B-111629036544,/etc/shadow,ta1-trace-2
1557810501.544:1664009264,3F0F368F-3BEE-FC83-ECE1-BF4F8AE0C2A1:sshd,MMAP,07E87BAE-732D-D58F-383B-111629036544,/etc/shadow,ta1-trace-2
1557810501.440:1664008803,3F0F368F-3BEE-FC83-ECE1-BF4F8AE0C2A1:sshd,READ,573E5010-1713-BD2C-2998-A48580BDA4D4,/etc/hosts,ta1-trace-2
1557810501.440:1664008802,3F0F368F-3BEE-FC83-ECE1-BF4F8AE0C2A1:sshd,READ,573E5010-1713-BD2C-2998-A48580BDA4D4,/etc/hosts,ta1-trace-2
1557810501.340:1664008130,8AB2CFB3-23EA-4A7D-7910-6F04D543BAF6:sshd,EXECUTE,3F0F368F-3BEE-FC83-ECE1-BF4F8AE0C2A1,sshd,ta1-trace-2
1557810501.340:1664008105,DEF8FC47-7A9A-FBED-6B2A-08B2189BECCD:sshd,FORK,8AB2CFB3-23EA-4A7D-7910-6F04D543BAF6,sshd,ta1-trace-2
1557810325.094:1663611594,A88CF255-975C-4637-02CE-68F73136C797:scp,READ,573E5010-1713-BD2C-2998-A48580BDA4D4,/etc/hosts,ta1-trace-2
1557810324.042:1663608509,EBB1421A-1C27-0D72-1EBF-B87BD462DF9C:bash,EXECUTE,A88CF255-975C-4637-02CE-68F73136C797,scp -r /etc/hosts admin@128.55.12.66:.,ta1-trace-2
1557810324.042:1663608503,F2D228B0-F947-B2F2-EA2F-AEC90ABAE59F:bash,FORK,EBB1421A-1C27-0D72-1EBF-B87BD462DF9C,bash,ta1-trace-2
1557810323.846:1663605190,2E0AF37F-7417-27F0-CA5E-43852A17D246:sshd,EXECUTE,F2D228B0-F947-B2F2-EA2F-AEC90ABAE59F,bash,ta1-trace-2
1557810323.846:1663605089,2E39C814-3382-1EFF-2FD2-21CF6B299F97:sshd,FORK,2E0AF37F-7417-27F0-CA5E-43852A17D246,sshd,ta1-trace-2
1557810323.846:1663605017,E64F292F-8FAA-94C8-240F-ED62173E060E:sshd,CHANGE_PRINCIPAL,2E39C814-3382-1EFF-2FD2-21CF6B299F97,sshd,ta1-trace-2
1557810323.846:1663604995,97DB276C-7D55-8552-7CDC-BC1E769AFEC9:sshd,CHANGE_PRINCIPAL,E64F292F-8FAA-94C8-240F-ED62173E060E,sshd,ta1-trace-2
1557810323.846:1663604992,895B895F-F7BB-1B9C-2C1A-6F6590C0C987:sshd,FORK,97DB276C-7D55-8552-7CDC-BC1E769AFEC9,sshd,ta1-trace-2
1557810323.562:1663592422,A1BE49C7-F341-B1C3-41CC-52D49B37CC0A:sshd,CHANGE_PRINCIPAL,895B895F-F7BB-1B9C-2C1A-6F6590C0C987,sshd,ta1-trace-2
1557810323.562:1663592421,B77EE823-A80A-6A8E-080E-078E3C891120:sshd,CHANGE_PRINCIPAL,A1BE49C7-F341-B1C3-41CC-52D49B37CC0A,sshd,ta1-trace-2
1557810323.562:1663592420,A1BE49C7-F341-B1C3-41CC-52D49B37CC0A:sshd,CHANGE_PRINCIPAL,B77EE823-A80A-6A8E-080E-078E3C891120,sshd,ta1-trace-2
1557810323.562:1663592419,895B895F-F7BB-1B9C-2C1A-6F6590C0C987:sshd,CHANGE_PRINCIPAL,A1BE49C7-F341-B1C3-41CC-52D49B37CC0A,sshd,ta1-trace-2
1557810323.558:1663592353,895B895F-F7BB-1B9C-2C1A-6F6590C0C987:sshd,MMAP,07E87BAE-732D-D58F-383B-111629036544,/etc/shadow,ta1-trace-2
1557810323.550:1663592307,895B895F-F7BB-1B9C-2C1A-6F6590C0C987:sshd,MMAP,07E87BAE-732D-D58F-383B-111629036544,/etc/shadow,ta1-trace-2
1557810323.446:1663591825,895B895F-F7BB-1B9C-2C1A-6F6590C0C987:sshd,READ,573E5010-1713-BD2C-2998-A48580BDA4D4,/etc/hosts,ta1-trace-2
1557810323.446:1663591824,895B895F-F7BB-1B9C-2C1A-6F6590C0C987:sshd,READ,573E5010-1713-BD2C-2998-A48580BDA4D4,/etc/hosts,ta1-trace-2
1557810323.374:1663591218,A886EFF1-BBF7-5D1E-B4E7-15E9765630A2:sshd,EXECUTE,895B895F-F7BB-1B9C-2C1A-6F6590C0C987,sshd,ta1-trace-2
1557810323.374:1663591193,DEF8FC47-7A9A-FBED-6B2A-08B2189BECCD:sshd,FORK,A886EFF1-BBF7-5D1E-B4E7-15E9765630A2,sshd,ta1-trace-2
